dataset,algorithm,run,random_state,params,elapsed_seconds,train_accuracy,train_precision,train_recall,train_f1,val_accuracy,val_precision,val_recall,val_f1,test_accuracy,test_precision,test_recall,test_f1
adult,ANFIS (Adaptive Neuro-Fuzzy Inference System),1,1,"{""learning_rate"": 0.01, ""max_train_samples"": 300, ""n_epochs"": 10, ""n_membership_functions"": 2, ""pca_components"": 6}",0.33664519999729237,0.7066666666666667,0.49937777777777775,0.7066666666666667,0.5852083333333333,0.7607508532423208,0.5787418607089192,0.7607508532423208,0.6573807528114491,0.7608324803821221,0.5788660632044123,0.7608324803821221,0.6574913509986949
adult,ANFIS (Adaptive Neuro-Fuzzy Inference System),1,1,"{""learning_rate"": 0.01, ""max_train_samples"": 300, ""n_epochs"": 25, ""n_membership_functions"": 2, ""pca_components"": 6}",0.5121765999974741,0.7066666666666667,0.49937777777777775,0.7066666666666667,0.5852083333333333,0.7607508532423208,0.5787418607089192,0.7607508532423208,0.6573807528114491,0.7608324803821221,0.5788660632044123,0.7608324803821221,0.6574913509986949
adult,ANFIS (Adaptive Neuro-Fuzzy Inference System),1,1,"{""learning_rate"": 0.05, ""max_train_samples"": 300, ""n_epochs"": 25, ""n_membership_functions"": 2, ""pca_components"": 6}",0.514665500002593,0.7366666666666667,0.7528888888888889,0.7366666666666667,0.6626888841137438,0.7866894197952219,0.800382305057299,0.7866894197952219,0.7210322937578608,0.7853974752644148,0.8012350299680838,0.7853974752644148,0.7176301961224402
adult,ANFIS (Adaptive Neuro-Fuzzy Inference System),1,1,"{""learning_rate"": 0.01, ""max_train_samples"": 300, ""n_epochs"": 10, ""n_membership_functions"": 3, ""pca_components"": 6}",0.428663200000301,0.7066666666666667,0.49937777777777775,0.7066666666666667,0.5852083333333333,0.7607508532423208,0.5787418607089192,0.7607508532423208,0.6573807528114491,0.7608324803821221,0.5788660632044123,0.7608324803821221,0.6574913509986949
adult,ANFIS (Adaptive Neuro-Fuzzy Inference System),1,1,"{""learning_rate"": 0.01, ""max_train_samples"": 300, ""n_epochs"": 25, ""n_membership_functions"": 2, ""pca_components"": 8}",0.6648365000000922,0.7066666666666667,0.49937777777777775,0.7066666666666667,0.5852083333333333,0.7607508532423208,0.5787418607089192,0.7607508532423208,0.6573807528114491,0.7608324803821221,0.5788660632044123,0.7608324803821221,0.6574913509986949
adult,ANFIS (Adaptive Neuro-Fuzzy Inference System),2,2,"{""learning_rate"": 0.01, ""max_train_samples"": 300, ""n_epochs"": 10, ""n_membership_functions"": 2, ""pca_components"": 6}",0.3360246999982337,0.78,0.6084,0.78,0.6835955056179776,0.7607508532423208,0.5787418607089192,0.7607508532423208,0.6573807528114491,0.7608324803821221,0.5788660632044123,0.7608324803821221,0.6574913509986949
adult,ANFIS (Adaptive Neuro-Fuzzy Inference System),2,2,"{""learning_rate"": 0.01, ""max_train_samples"": 300, ""n_epochs"": 25, ""n_membership_functions"": 2, ""pca_components"": 6}",0.5124446000008902,0.78,0.6084,0.78,0.6835955056179776,0.7607508532423208,0.5787418607089192,0.7607508532423208,0.6573807528114491,0.7608324803821221,0.5788660632044123,0.7608324803821221,0.6574913509986949
adult,ANFIS (Adaptive Neuro-Fuzzy Inference System),2,2,"{""learning_rate"": 0.05, ""max_train_samples"": 300, ""n_epochs"": 25, ""n_membership_functions"": 2, ""pca_components"": 6}",0.5153857000004791,0.78,0.6084,0.78,0.6835955056179776,0.7607508532423208,0.5787418607089192,0.7607508532423208,0.6573807528114491,0.7608324803821221,0.5788660632044123,0.7608324803821221,0.6574913509986949
adult,ANFIS (Adaptive Neuro-Fuzzy Inference System),2,2,"{""learning_rate"": 0.01, ""max_train_samples"": 300, ""n_epochs"": 10, ""n_membership_functions"": 3, ""pca_components"": 6}",0.43200920000163023,0.78,0.6084,0.78,0.6835955056179776,0.7607508532423208,0.5787418607089192,0.7607508532423208,0.6573807528114491,0.7608324803821221,0.5788660632044123,0.7608324803821221,0.6574913509986949
adult,ANFIS (Adaptive Neuro-Fuzzy Inference System),2,2,"{""learning_rate"": 0.01, ""max_train_samples"": 300, ""n_epochs"": 25, ""n_membership_functions"": 2, ""pca_components"": 8}",0.6671738000004552,0.78,0.6084,0.78,0.6835955056179776,0.7607508532423208,0.5787418607089192,0.7607508532423208,0.6573807528114491,0.7608324803821221,0.5788660632044123,0.7608324803821221,0.6574913509986949
adult,ANFIS (Adaptive Neuro-Fuzzy Inference System),3,3,"{""learning_rate"": 0.01, ""max_train_samples"": 300, ""n_epochs"": 10, ""n_membership_functions"": 2, ""pca_components"": 6}",0.3345502999982273,0.75,0.5625,0.75,0.6428571428571428,0.7607508532423208,0.5787418607089192,0.7607508532423208,0.6573807528114491,0.7608324803821221,0.5788660632044123,0.7608324803821221,0.6574913509986949
adult,ANFIS (Adaptive Neuro-Fuzzy Inference System),3,3,"{""learning_rate"": 0.01, ""max_train_samples"": 300, ""n_epochs"": 25, ""n_membership_functions"": 2, ""pca_components"": 6}",0.5150837999972282,0.75,0.5625,0.75,0.6428571428571428,0.7607508532423208,0.5787418607089192,0.7607508532423208,0.6573807528114491,0.7608324803821221,0.5788660632044123,0.7608324803821221,0.6574913509986949
adult,ANFIS (Adaptive Neuro-Fuzzy Inference System),3,3,"{""learning_rate"": 0.05, ""max_train_samples"": 300, ""n_epochs"": 25, ""n_membership_functions"": 2, ""pca_components"": 6}",0.5103400000007241,0.75,0.5625,0.75,0.6428571428571428,0.7631399317406143,0.8193769783954257,0.7631399317406143,0.6630048485134835,0.7632207437734562,0.8194193770912472,0.7632207437734562,0.6631136362187471
adult,ANFIS (Adaptive Neuro-Fuzzy Inference System),3,3,"{""learning_rate"": 0.01, ""max_train_samples"": 300, ""n_epochs"": 10, ""n_membership_functions"": 3, ""pca_components"": 6}",0.4408204999999725,0.75,0.5625,0.75,0.6428571428571428,0.7607508532423208,0.5787418607089192,0.7607508532423208,0.6573807528114491,0.7608324803821221,0.5788660632044123,0.7608324803821221,0.6574913509986949
adult,ANFIS (Adaptive Neuro-Fuzzy Inference System),3,3,"{""learning_rate"": 0.01, ""max_train_samples"": 300, ""n_epochs"": 25, ""n_membership_functions"": 2, ""pca_components"": 8}",0.6779402000029222,0.75,0.5625,0.75,0.6428571428571428,0.7607508532423208,0.5787418607089192,0.7607508532423208,0.6573807528114491,0.7608324803821221,0.5788660632044123,0.7608324803821221,0.6574913509986949
adult,ANFIS (Adaptive Neuro-Fuzzy Inference System),4,4,"{""learning_rate"": 0.01, ""max_train_samples"": 300, ""n_epochs"": 10, ""n_membership_functions"": 2, ""pca_components"": 6}",0.33408150000104797,0.7766666666666666,0.603211111111111,0.7766666666666666,0.6790368980612883,0.7607508532423208,0.5787418607089192,0.7607508532423208,0.6573807528114491,0.7608324803821221,0.5788660632044123,0.7608324803821221,0.6574913509986949
adult,ANFIS (Adaptive Neuro-Fuzzy Inference System),4,4,"{""learning_rate"": 0.01, ""max_train_samples"": 300, ""n_epochs"": 25, ""n_membership_functions"": 2, ""pca_components"": 6}",0.5105535000002419,0.7766666666666666,0.603211111111111,0.7766666666666666,0.6790368980612883,0.7607508532423208,0.5787418607089192,0.7607508532423208,0.6573807528114491,0.7608324803821221,0.5788660632044123,0.7608324803821221,0.6574913509986949
adult,ANFIS (Adaptive Neuro-Fuzzy Inference System),4,4,"{""learning_rate"": 0.05, ""max_train_samples"": 300, ""n_epochs"": 25, ""n_membership_functions"": 2, ""pca_components"": 6}",0.5103601000009803,0.7766666666666666,0.603211111111111,0.7766666666666666,0.6790368980612883,0.7607508532423208,0.5787418607089192,0.7607508532423208,0.6573807528114491,0.7608324803821221,0.5788660632044123,0.7608324803821221,0.6574913509986949
adult,ANFIS (Adaptive Neuro-Fuzzy Inference System),4,4,"{""learning_rate"": 0.01, ""max_train_samples"": 300, ""n_epochs"": 10, ""n_membership_functions"": 3, ""pca_components"": 6}",0.4318469999998342,0.7766666666666666,0.603211111111111,0.7766666666666666,0.6790368980612883,0.7607508532423208,0.5787418607089192,0.7607508532423208,0.6573807528114491,0.7608324803821221,0.5788660632044123,0.7608324803821221,0.6574913509986949
adult,ANFIS (Adaptive Neuro-Fuzzy Inference System),4,4,"{""learning_rate"": 0.01, ""max_train_samples"": 300, ""n_epochs"": 25, ""n_membership_functions"": 2, ""pca_components"": 8}",0.6677638000001025,0.7766666666666666,0.603211111111111,0.7766666666666666,0.6790368980612883,0.7607508532423208,0.5787418607089192,0.7607508532423208,0.6573807528114491,0.7608324803821221,0.5788660632044123,0.7608324803821221,0.6574913509986949
adult,ANFIS (Adaptive Neuro-Fuzzy Inference System),5,5,"{""learning_rate"": 0.01, ""max_train_samples"": 300, ""n_epochs"": 10, ""n_membership_functions"": 2, ""pca_components"": 6}",0.3286594999990484,0.7466666666666667,0.5575111111111111,0.7466666666666667,0.6383715012722646,0.7607508532423208,0.5787418607089192,0.7607508532423208,0.6573807528114491,0.7608324803821221,0.5788660632044123,0.7608324803821221,0.6574913509986949
adult,ANFIS (Adaptive Neuro-Fuzzy Inference System),5,5,"{""learning_rate"": 0.01, ""max_train_samples"": 300, ""n_epochs"": 25, ""n_membership_functions"": 2, ""pca_components"": 6}",0.5099354999983916,0.7466666666666667,0.5575111111111111,0.7466666666666667,0.6383715012722646,0.7607508532423208,0.5787418607089192,0.7607508532423208,0.6573807528114491,0.7608324803821221,0.5788660632044123,0.7608324803821221,0.6574913509986949
adult,ANFIS (Adaptive Neuro-Fuzzy Inference System),5,5,"{""learning_rate"": 0.05, ""max_train_samples"": 300, ""n_epochs"": 25, ""n_membership_functions"": 2, ""pca_components"": 6}",0.5069548999999824,0.7466666666666667,0.5575111111111111,0.7466666666666667,0.6383715012722646,0.7648464163822526,0.8203710288266076,0.7648464163822526,0.6669666738089439,0.7649266461958376,0.820413299423336,0.7649266461958376,0.6670741868121942
adult,ANFIS (Adaptive Neuro-Fuzzy Inference System),5,5,"{""learning_rate"": 0.01, ""max_train_samples"": 300, ""n_epochs"": 10, ""n_membership_functions"": 3, ""pca_components"": 6}",0.4311073999997461,0.7466666666666667,0.5575111111111111,0.7466666666666667,0.6383715012722646,0.7607508532423208,0.5787418607089192,0.7607508532423208,0.6573807528114491,0.7608324803821221,0.5788660632044123,0.7608324803821221,0.6574913509986949
adult,ANFIS (Adaptive Neuro-Fuzzy Inference System),5,5,"{""learning_rate"": 0.01, ""max_train_samples"": 300, ""n_epochs"": 25, ""n_membership_functions"": 2, ""pca_components"": 8}",0.6749278999996022,0.7466666666666667,0.5575111111111111,0.7466666666666667,0.6383715012722646,0.7607508532423208,0.5787418607089192,0.7607508532423208,0.6573807528114491,0.7608324803821221,0.5788660632044123,0.7608324803821221,0.6574913509986949
adult,ANFIS (Adaptive Neuro-Fuzzy Inference System),6,6,"{""learning_rate"": 0.01, ""max_train_samples"": 300, ""n_epochs"": 10, ""n_membership_functions"": 2, ""pca_components"": 6}",0.33513479999965057,0.7566666666666667,0.5725444444444445,0.7566666666666667,0.6518532574320051,0.7607508532423208,0.5787418607089192,0.7607508532423208,0.6573807528114491,0.7608324803821221,0.5788660632044123,0.7608324803821221,0.6574913509986949
adult,ANFIS (Adaptive Neuro-Fuzzy Inference System),6,6,"{""learning_rate"": 0.01, ""max_train_samples"": 300, ""n_epochs"": 25, ""n_membership_functions"": 2, ""pca_components"": 6}",0.5101523000012094,0.7566666666666667,0.5725444444444445,0.7566666666666667,0.6518532574320051,0.7607508532423208,0.5787418607089192,0.7607508532423208,0.6573807528114491,0.7608324803821221,0.5788660632044123,0.7608324803821221,0.6574913509986949
adult,ANFIS (Adaptive Neuro-Fuzzy Inference System),6,6,"{""learning_rate"": 0.05, ""max_train_samples"": 300, ""n_epochs"": 25, ""n_membership_functions"": 2, ""pca_components"": 6}",0.5124240000004647,0.7566666666666667,0.5725444444444445,0.7566666666666667,0.6518532574320051,0.7610921501706485,0.8181885977229004,0.7610921501706485,0.658189823081631,0.7608324803821221,0.5788660632044123,0.7608324803821221,0.6574913509986949
adult,ANFIS (Adaptive Neuro-Fuzzy Inference System),6,6,"{""learning_rate"": 0.01, ""max_train_samples"": 300, ""n_epochs"": 10, ""n_membership_functions"": 3, ""pca_components"": 6}",0.4257175999991887,0.7566666666666667,0.5725444444444445,0.7566666666666667,0.6518532574320051,0.7607508532423208,0.5787418607089192,0.7607508532423208,0.6573807528114491,0.7608324803821221,0.5788660632044123,0.7608324803821221,0.6574913509986949
adult,ANFIS (Adaptive Neuro-Fuzzy Inference System),6,6,"{""learning_rate"": 0.01, ""max_train_samples"": 300, ""n_epochs"": 25, ""n_membership_functions"": 2, ""pca_components"": 8}",0.6691722999967169,0.7566666666666667,0.5725444444444445,0.7566666666666667,0.6518532574320051,0.7607508532423208,0.5787418607089192,0.7607508532423208,0.6573807528114491,0.7608324803821221,0.5788660632044123,0.7608324803821221,0.6574913509986949
adult,ANFIS (Adaptive Neuro-Fuzzy Inference System),7,7,"{""learning_rate"": 0.01, ""max_train_samples"": 300, ""n_epochs"": 10, ""n_membership_functions"": 2, ""pca_components"": 6}",0.3292737000010675,0.7166666666666667,0.5136111111111111,0.7166666666666667,0.5983818770226538,0.7607508532423208,0.5787418607089192,0.7607508532423208,0.6573807528114491,0.7608324803821221,0.5788660632044123,0.7608324803821221,0.6574913509986949
adult,ANFIS (Adaptive Neuro-Fuzzy Inference System),7,7,"{""learning_rate"": 0.01, ""max_train_samples"": 300, ""n_epochs"": 25, ""n_membership_functions"": 2, ""pca_components"": 6}",0.5071781999977247,0.7166666666666667,0.5136111111111111,0.7166666666666667,0.5983818770226538,0.7607508532423208,0.5787418607089192,0.7607508532423208,0.6573807528114491,0.7608324803821221,0.5788660632044123,0.7608324803821221,0.6574913509986949
adult,ANFIS (Adaptive Neuro-Fuzzy Inference System),7,7,"{""learning_rate"": 0.05, ""max_train_samples"": 300, ""n_epochs"": 25, ""n_membership_functions"": 2, ""pca_components"": 6}",0.5099405000000843,0.72,0.7986622073578595,0.72,0.6061351913853951,0.7655290102389078,0.8207696035056671,0.7655290102389078,0.6685387413311075,0.7666325486182191,0.8214106326076281,0.7666325486182191,0.670989723752353
adult,ANFIS (Adaptive Neuro-Fuzzy Inference System),7,7,"{""learning_rate"": 0.01, ""max_train_samples"": 300, ""n_epochs"": 10, ""n_membership_functions"": 3, ""pca_components"": 6}",0.42768340000111493,0.7166666666666667,0.5136111111111111,0.7166666666666667,0.5983818770226538,0.7607508532423208,0.5787418607089192,0.7607508532423208,0.6573807528114491,0.7608324803821221,0.5788660632044123,0.7608324803821221,0.6574913509986949
adult,ANFIS (Adaptive Neuro-Fuzzy Inference System),7,7,"{""learning_rate"": 0.01, ""max_train_samples"": 300, ""n_epochs"": 25, ""n_membership_functions"": 2, ""pca_components"": 8}",0.6712794999984908,0.7166666666666667,0.5136111111111111,0.7166666666666667,0.5983818770226538,0.7607508532423208,0.5787418607089192,0.7607508532423208,0.6573807528114491,0.7608324803821221,0.5788660632044123,0.7608324803821221,0.6574913509986949
adult,ANFIS (Adaptive Neuro-Fuzzy Inference System),8,8,"{""learning_rate"": 0.01, ""max_train_samples"": 300, ""n_epochs"": 10, ""n_membership_functions"": 2, ""pca_components"": 6}",0.3295136000015191,0.7633333333333333,0.5826777777777778,0.7633333333333333,0.6608821676118463,0.7607508532423208,0.5787418607089192,0.7607508532423208,0.6573807528114491,0.7608324803821221,0.5788660632044123,0.7608324803821221,0.6574913509986949
adult,ANFIS (Adaptive Neuro-Fuzzy Inference System),8,8,"{""learning_rate"": 0.01, ""max_train_samples"": 300, ""n_epochs"": 25, ""n_membership_functions"": 2, ""pca_components"": 6}",0.5085478999972111,0.7633333333333333,0.5826777777777778,0.7633333333333333,0.6608821676118463,0.7607508532423208,0.5787418607089192,0.7607508532423208,0.6573807528114491,0.7608324803821221,0.5788660632044123,0.7608324803821221,0.6574913509986949
adult,ANFIS (Adaptive Neuro-Fuzzy Inference System),8,8,"{""learning_rate"": 0.05, ""max_train_samples"": 300, ""n_epochs"": 25, ""n_membership_functions"": 2, ""pca_components"": 6}",0.5129970000016328,0.7633333333333333,0.5826777777777778,0.7633333333333333,0.6608821676118463,0.7607508532423208,0.5787418607089192,0.7607508532423208,0.6573807528114491,0.7608324803821221,0.5788660632044123,0.7608324803821221,0.6574913509986949
adult,ANFIS (Adaptive Neuro-Fuzzy Inference System),8,8,"{""learning_rate"": 0.01, ""max_train_samples"": 300, ""n_epochs"": 10, ""n_membership_functions"": 3, ""pca_components"": 6}",0.4298090999982378,0.7633333333333333,0.5826777777777778,0.7633333333333333,0.6608821676118463,0.7607508532423208,0.5787418607089192,0.7607508532423208,0.6573807528114491,0.7608324803821221,0.5788660632044123,0.7608324803821221,0.6574913509986949
adult,ANFIS (Adaptive Neuro-Fuzzy Inference System),8,8,"{""learning_rate"": 0.01, ""max_train_samples"": 300, ""n_epochs"": 25, ""n_membership_functions"": 2, ""pca_components"": 8}",0.6704156999985571,0.7633333333333333,0.5826777777777778,0.7633333333333333,0.6608821676118463,0.7607508532423208,0.5787418607089192,0.7607508532423208,0.6573807528114491,0.7608324803821221,0.5788660632044123,0.7608324803821221,0.6574913509986949
adult,ANFIS (Adaptive Neuro-Fuzzy Inference System),9,9,"{""learning_rate"": 0.01, ""max_train_samples"": 300, ""n_epochs"": 10, ""n_membership_functions"": 2, ""pca_components"": 6}",0.33803220000118017,0.7866666666666666,0.6188444444444444,0.7866666666666666,0.6927363184079602,0.7607508532423208,0.5787418607089192,0.7607508532423208,0.6573807528114491,0.7608324803821221,0.5788660632044123,0.7608324803821221,0.6574913509986949
adult,ANFIS (Adaptive Neuro-Fuzzy Inference System),9,9,"{""learning_rate"": 0.01, ""max_train_samples"": 300, ""n_epochs"": 25, ""n_membership_functions"": 2, ""pca_components"": 6}",0.5103980999992928,0.7866666666666666,0.6188444444444444,0.7866666666666666,0.6927363184079602,0.7607508532423208,0.5787418607089192,0.7607508532423208,0.6573807528114491,0.7608324803821221,0.5788660632044123,0.7608324803821221,0.6574913509986949
adult,ANFIS (Adaptive Neuro-Fuzzy Inference System),9,9,"{""learning_rate"": 0.05, ""max_train_samples"": 300, ""n_epochs"": 25, ""n_membership_functions"": 2, ""pca_components"": 6}",0.5097739000011643,0.7866666666666666,0.6188444444444444,0.7866666666666666,0.6927363184079602,0.7607508532423208,0.5787418607089192,0.7607508532423208,0.6573807528114491,0.7608324803821221,0.5788660632044123,0.7608324803821221,0.6574913509986949
adult,ANFIS (Adaptive Neuro-Fuzzy Inference System),9,9,"{""learning_rate"": 0.01, ""max_train_samples"": 300, ""n_epochs"": 10, ""n_membership_functions"": 3, ""pca_components"": 6}",0.426851500000339,0.7866666666666666,0.6188444444444444,0.7866666666666666,0.6927363184079602,0.7607508532423208,0.5787418607089192,0.7607508532423208,0.6573807528114491,0.7608324803821221,0.5788660632044123,0.7608324803821221,0.6574913509986949
adult,ANFIS (Adaptive Neuro-Fuzzy Inference System),9,9,"{""learning_rate"": 0.01, ""max_train_samples"": 300, ""n_epochs"": 25, ""n_membership_functions"": 2, ""pca_components"": 8}",0.6757694000007177,0.7866666666666666,0.6188444444444444,0.7866666666666666,0.6927363184079602,0.7607508532423208,0.5787418607089192,0.7607508532423208,0.6573807528114491,0.7608324803821221,0.5788660632044123,0.7608324803821221,0.6574913509986949
adult,ANFIS (Adaptive Neuro-Fuzzy Inference System),10,10,"{""learning_rate"": 0.01, ""max_train_samples"": 300, ""n_epochs"": 10, ""n_membership_functions"": 2, ""pca_components"": 6}",0.3259905000013532,0.78,0.6084,0.78,0.6835955056179776,0.7607508532423208,0.5787418607089192,0.7607508532423208,0.6573807528114491,0.7608324803821221,0.5788660632044123,0.7608324803821221,0.6574913509986949
adult,ANFIS (Adaptive Neuro-Fuzzy Inference System),10,10,"{""learning_rate"": 0.01, ""max_train_samples"": 300, ""n_epochs"": 25, ""n_membership_functions"": 2, ""pca_components"": 6}",0.5130239000027359,0.78,0.6084,0.78,0.6835955056179776,0.7607508532423208,0.5787418607089192,0.7607508532423208,0.6573807528114491,0.7608324803821221,0.5788660632044123,0.7608324803821221,0.6574913509986949
adult,ANFIS (Adaptive Neuro-Fuzzy Inference System),10,10,"{""learning_rate"": 0.05, ""max_train_samples"": 300, ""n_epochs"": 25, ""n_membership_functions"": 2, ""pca_components"": 6}",0.5107572999986587,0.78,0.6084,0.78,0.6835955056179776,0.7610921501706485,0.8181885977229004,0.7610921501706485,0.658189823081631,0.7611736608665984,0.8182311480315749,0.7611736608665984,0.6583001607479323
adult,ANFIS (Adaptive Neuro-Fuzzy Inference System),10,10,"{""learning_rate"": 0.01, ""max_train_samples"": 300, ""n_epochs"": 10, ""n_membership_functions"": 3, ""pca_components"": 6}",0.42583709999962593,0.78,0.6084,0.78,0.6835955056179776,0.7607508532423208,0.5787418607089192,0.7607508532423208,0.6573807528114491,0.7608324803821221,0.5788660632044123,0.7608324803821221,0.6574913509986949
adult,ANFIS (Adaptive Neuro-Fuzzy Inference System),10,10,"{""learning_rate"": 0.01, ""max_train_samples"": 300, ""n_epochs"": 25, ""n_membership_functions"": 2, ""pca_components"": 8}",0.671278000001621,0.78,0.6084,0.78,0.6835955056179776,0.7607508532423208,0.5787418607089192,0.7607508532423208,0.6573807528114491,0.7608324803821221,0.5788660632044123,0.7608324803821221,0.6574913509986949
adult,ANFIS (Adaptive Neuro-Fuzzy Inference System),11,11,"{""learning_rate"": 0.01, ""max_train_samples"": 300, ""n_epochs"": 10, ""n_membership_functions"": 2, ""pca_components"": 6}",0.3279744000028586,0.7733333333333333,0.5980444444444444,0.7733333333333333,0.6744862155388471,0.7607508532423208,0.5787418607089192,0.7607508532423208,0.6573807528114491,0.7608324803821221,0.5788660632044123,0.7608324803821221,0.6574913509986949
adult,ANFIS (Adaptive Neuro-Fuzzy Inference System),11,11,"{""learning_rate"": 0.01, ""max_train_samples"": 300, ""n_epochs"": 25, ""n_membership_functions"": 2, ""pca_components"": 6}",0.5070729000035499,0.7733333333333333,0.5980444444444444,0.7733333333333333,0.6744862155388471,0.7607508532423208,0.5787418607089192,0.7607508532423208,0.6573807528114491,0.7608324803821221,0.5788660632044123,0.7608324803821221,0.6574913509986949
adult,ANFIS (Adaptive Neuro-Fuzzy Inference System),11,11,"{""learning_rate"": 0.05, ""max_train_samples"": 300, ""n_epochs"": 25, ""n_membership_functions"": 2, ""pca_components"": 6}",0.5113184000001638,0.7766666666666666,0.826711259754738,0.7766666666666666,0.682326482709681,0.7631399317406143,0.8193769783954257,0.7631399317406143,0.6630048485134835,0.7621972023200273,0.8188246536295392,0.7621972023200273,0.6607152883857821
adult,ANFIS (Adaptive Neuro-Fuzzy Inference System),11,11,"{""learning_rate"": 0.01, ""max_train_samples"": 300, ""n_epochs"": 10, ""n_membership_functions"": 3, ""pca_components"": 6}",0.434344900000724,0.7733333333333333,0.5980444444444444,0.7733333333333333,0.6744862155388471,0.7607508532423208,0.5787418607089192,0.7607508532423208,0.6573807528114491,0.7608324803821221,0.5788660632044123,0.7608324803821221,0.6574913509986949
adult,ANFIS (Adaptive Neuro-Fuzzy Inference System),11,11,"{""learning_rate"": 0.01, ""max_train_samples"": 300, ""n_epochs"": 25, ""n_membership_functions"": 2, ""pca_components"": 8}",0.6727513000005274,0.7733333333333333,0.5980444444444444,0.7733333333333333,0.6744862155388471,0.7607508532423208,0.5787418607089192,0.7607508532423208,0.6573807528114491,0.7608324803821221,0.5788660632044123,0.7608324803821221,0.6574913509986949
adult,ANFIS (Adaptive Neuro-Fuzzy Inference System),12,12,"{""learning_rate"": 0.01, ""max_train_samples"": 300, ""n_epochs"": 10, ""n_membership_functions"": 2, ""pca_components"": 6}",0.33246130000043195,0.7333333333333333,0.5377777777777777,0.7333333333333333,0.6205128205128205,0.7607508532423208,0.5787418607089192,0.7607508532423208,0.6573807528114491,0.7608324803821221,0.5788660632044123,0.7608324803821221,0.6574913509986949
adult,ANFIS (Adaptive Neuro-Fuzzy Inference System),12,12,"{""learning_rate"": 0.01, ""max_train_samples"": 300, ""n_epochs"": 25, ""n_membership_functions"": 2, ""pca_components"": 6}",0.5107740999992529,0.7333333333333333,0.5377777777777777,0.7333333333333333,0.6205128205128205,0.7607508532423208,0.5787418607089192,0.7607508532423208,0.6573807528114491,0.7608324803821221,0.5788660632044123,0.7608324803821221,0.6574913509986949
adult,ANFIS (Adaptive Neuro-Fuzzy Inference System),12,12,"{""learning_rate"": 0.05, ""max_train_samples"": 300, ""n_epochs"": 25, ""n_membership_functions"": 2, ""pca_components"": 6}",0.5104166999990412,0.7333333333333333,0.5377777777777777,0.7333333333333333,0.6205128205128205,0.7627986348122867,0.7450980291683552,0.7627986348122867,0.6652876618889729,0.7635619242579325,0.8196178895296576,0.7635619242579325,0.663909394577543
adult,ANFIS (Adaptive Neuro-Fuzzy Inference System),12,12,"{""learning_rate"": 0.01, ""max_train_samples"": 300, ""n_epochs"": 10, ""n_membership_functions"": 3, ""pca_components"": 6}",0.42961060000016005,0.7333333333333333,0.5377777777777777,0.7333333333333333,0.6205128205128205,0.7607508532423208,0.5787418607089192,0.7607508532423208,0.6573807528114491,0.7608324803821221,0.5788660632044123,0.7608324803821221,0.6574913509986949
adult,ANFIS (Adaptive Neuro-Fuzzy Inference System),12,12,"{""learning_rate"": 0.01, ""max_train_samples"": 300, ""n_epochs"": 25, ""n_membership_functions"": 2, ""pca_components"": 8}",0.6672933000008925,0.7333333333333333,0.5377777777777777,0.7333333333333333,0.6205128205128205,0.7607508532423208,0.5787418607089192,0.7607508532423208,0.6573807528114491,0.7608324803821221,0.5788660632044123,0.7608324803821221,0.6574913509986949
adult,ANFIS (Adaptive Neuro-Fuzzy Inference System),13,13,"{""learning_rate"": 0.01, ""max_train_samples"": 300, ""n_epochs"": 10, ""n_membership_functions"": 2, ""pca_components"": 6}",0.3324584000001778,0.72,0.5184,0.72,0.6027906976744186,0.7607508532423208,0.5787418607089192,0.7607508532423208,0.6573807528114491,0.7608324803821221,0.5788660632044123,0.7608324803821221,0.6574913509986949
adult,ANFIS (Adaptive Neuro-Fuzzy Inference System),13,13,"{""learning_rate"": 0.01, ""max_train_samples"": 300, ""n_epochs"": 25, ""n_membership_functions"": 2, ""pca_components"": 6}",0.5090792999981204,0.72,0.5184,0.72,0.6027906976744186,0.7607508532423208,0.5787418607089192,0.7607508532423208,0.6573807528114491,0.7608324803821221,0.5788660632044123,0.7608324803821221,0.6574913509986949
adult,ANFIS (Adaptive Neuro-Fuzzy Inference System),13,13,"{""learning_rate"": 0.05, ""max_train_samples"": 300, ""n_epochs"": 25, ""n_membership_functions"": 2, ""pca_components"": 6}",0.5114494000008563,0.7266666666666667,0.8018791946308724,0.7266666666666667,0.6181594425843815,0.7641638225255972,0.7608491960170295,0.7641638225255972,0.6684136924998442,0.7652678266803139,0.7927510862257398,0.7652678266803139,0.6690656870491504
adult,ANFIS (Adaptive Neuro-Fuzzy Inference System),13,13,"{""learning_rate"": 0.01, ""max_train_samples"": 300, ""n_epochs"": 10, ""n_membership_functions"": 3, ""pca_components"": 6}",0.43152090000148746,0.72,0.5184,0.72,0.6027906976744186,0.7607508532423208,0.5787418607089192,0.7607508532423208,0.6573807528114491,0.7608324803821221,0.5788660632044123,0.7608324803821221,0.6574913509986949
adult,ANFIS (Adaptive Neuro-Fuzzy Inference System),13,13,"{""learning_rate"": 0.01, ""max_train_samples"": 300, ""n_epochs"": 25, ""n_membership_functions"": 2, ""pca_components"": 8}",0.675551300002553,0.72,0.5184,0.72,0.6027906976744186,0.7607508532423208,0.5787418607089192,0.7607508532423208,0.6573807528114491,0.7608324803821221,0.5788660632044123,0.7608324803821221,0.6574913509986949
adult,ANFIS (Adaptive Neuro-Fuzzy Inference System),14,14,"{""learning_rate"": 0.01, ""max_train_samples"": 300, ""n_epochs"": 10, ""n_membership_functions"": 2, ""pca_components"": 6}",0.32795619999888004,0.73,0.5329,0.73,0.6160693641618498,0.7607508532423208,0.5787418607089192,0.7607508532423208,0.6573807528114491,0.7608324803821221,0.5788660632044123,0.7608324803821221,0.6574913509986949
adult,ANFIS (Adaptive Neuro-Fuzzy Inference System),14,14,"{""learning_rate"": 0.01, ""max_train_samples"": 300, ""n_epochs"": 25, ""n_membership_functions"": 2, ""pca_components"": 6}",0.5117592999995395,0.73,0.5329,0.73,0.6160693641618498,0.7607508532423208,0.5787418607089192,0.7607508532423208,0.6573807528114491,0.7608324803821221,0.5788660632044123,0.7608324803821221,0.6574913509986949
adult,ANFIS (Adaptive Neuro-Fuzzy Inference System),14,14,"{""learning_rate"": 0.05, ""max_train_samples"": 300, ""n_epochs"": 25, ""n_membership_functions"": 2, ""pca_components"": 6}",0.5147214000025997,0.7366666666666667,0.8064765100671142,0.7366666666666667,0.6314646594113398,0.7638225255972696,0.757501451510061,0.7638225255972696,0.6676348329445234,0.7649266461958376,0.773131714536832,0.7649266461958376,0.669480165331037
adult,ANFIS (Adaptive Neuro-Fuzzy Inference System),14,14,"{""learning_rate"": 0.01, ""max_train_samples"": 300, ""n_epochs"": 10, ""n_membership_functions"": 3, ""pca_components"": 6}",0.42863109999962035,0.73,0.5329,0.73,0.6160693641618498,0.7607508532423208,0.5787418607089192,0.7607508532423208,0.6573807528114491,0.7608324803821221,0.5788660632044123,0.7608324803821221,0.6574913509986949
adult,ANFIS (Adaptive Neuro-Fuzzy Inference System),14,14,"{""learning_rate"": 0.01, ""max_train_samples"": 300, ""n_epochs"": 25, ""n_membership_functions"": 2, ""pca_components"": 8}",0.6687467999981891,0.73,0.5329,0.73,0.6160693641618498,0.7607508532423208,0.5787418607089192,0.7607508532423208,0.6573807528114491,0.7608324803821221,0.5788660632044123,0.7608324803821221,0.6574913509986949
adult,ANFIS (Adaptive Neuro-Fuzzy Inference System),15,15,"{""learning_rate"": 0.01, ""max_train_samples"": 300, ""n_epochs"": 10, ""n_membership_functions"": 2, ""pca_components"": 6}",0.327974699997867,0.75,0.5625,0.75,0.6428571428571428,0.7607508532423208,0.5787418607089192,0.7607508532423208,0.6573807528114491,0.7608324803821221,0.5788660632044123,0.7608324803821221,0.6574913509986949
adult,ANFIS (Adaptive Neuro-Fuzzy Inference System),15,15,"{""learning_rate"": 0.01, ""max_train_samples"": 300, ""n_epochs"": 25, ""n_membership_functions"": 2, ""pca_components"": 6}",0.5099756000017805,0.75,0.5625,0.75,0.6428571428571428,0.7607508532423208,0.5787418607089192,0.7607508532423208,0.6573807528114491,0.7608324803821221,0.5788660632044123,0.7608324803821221,0.6574913509986949
adult,ANFIS (Adaptive Neuro-Fuzzy Inference System),15,15,"{""learning_rate"": 0.05, ""max_train_samples"": 300, ""n_epochs"": 25, ""n_membership_functions"": 2, ""pca_components"": 6}",0.5098959999995714,0.7566666666666667,0.8162751677852349,0.7566666666666667,0.6583025005587148,0.7638225255972696,0.757501451510061,0.7638225255972696,0.6676348329445234,0.7639031047424087,0.7832960143006915,0.7639031047424087,0.6659298225918733
adult,ANFIS (Adaptive Neuro-Fuzzy Inference System),15,15,"{""learning_rate"": 0.01, ""max_train_samples"": 300, ""n_epochs"": 10, ""n_membership_functions"": 3, ""pca_components"": 6}",0.43108550000033574,0.75,0.5625,0.75,0.6428571428571428,0.7607508532423208,0.5787418607089192,0.7607508532423208,0.6573807528114491,0.7608324803821221,0.5788660632044123,0.7608324803821221,0.6574913509986949
adult,ANFIS (Adaptive Neuro-Fuzzy Inference System),15,15,"{""learning_rate"": 0.01, ""max_train_samples"": 300, ""n_epochs"": 25, ""n_membership_functions"": 2, ""pca_components"": 8}",0.6671910999975807,0.75,0.5625,0.75,0.6428571428571428,0.7607508532423208,0.5787418607089192,0.7607508532423208,0.6573807528114491,0.7608324803821221,0.5788660632044123,0.7608324803821221,0.6574913509986949
adult,ANFIS (Adaptive Neuro-Fuzzy Inference System),16,16,"{""learning_rate"": 0.01, ""max_train_samples"": 300, ""n_epochs"": 10, ""n_membership_functions"": 2, ""pca_components"": 6}",0.3288252999991528,0.72,0.5184,0.72,0.6027906976744186,0.7607508532423208,0.5787418607089192,0.7607508532423208,0.6573807528114491,0.7608324803821221,0.5788660632044123,0.7608324803821221,0.6574913509986949
adult,ANFIS (Adaptive Neuro-Fuzzy Inference System),16,16,"{""learning_rate"": 0.01, ""max_train_samples"": 300, ""n_epochs"": 25, ""n_membership_functions"": 2, ""pca_components"": 6}",0.5115094000029785,0.72,0.5184,0.72,0.6027906976744186,0.7607508532423208,0.5787418607089192,0.7607508532423208,0.6573807528114491,0.7608324803821221,0.5788660632044123,0.7608324803821221,0.6574913509986949
adult,ANFIS (Adaptive Neuro-Fuzzy Inference System),16,16,"{""learning_rate"": 0.05, ""max_train_samples"": 300, ""n_epochs"": 25, ""n_membership_functions"": 2, ""pca_components"": 6}",0.5165570999997726,0.73,0.8036363636363636,0.73,0.6256261343012705,0.7658703071672355,0.8209690959436597,0.7658703071672355,0.6693220929454339,0.7659501876492665,0.8070808594166841,0.7659501876492665,0.6700277054007516
adult,ANFIS (Adaptive Neuro-Fuzzy Inference System),16,16,"{""learning_rate"": 0.01, ""max_train_samples"": 300, ""n_epochs"": 10, ""n_membership_functions"": 3, ""pca_components"": 6}",0.4316815000020142,0.72,0.5184,0.72,0.6027906976744186,0.7607508532423208,0.5787418607089192,0.7607508532423208,0.6573807528114491,0.7608324803821221,0.5788660632044123,0.7608324803821221,0.6574913509986949
adult,ANFIS (Adaptive Neuro-Fuzzy Inference System),16,16,"{""learning_rate"": 0.01, ""max_train_samples"": 300, ""n_epochs"": 25, ""n_membership_functions"": 2, ""pca_components"": 8}",0.6931279000018549,0.72,0.5184,0.72,0.6027906976744186,0.7607508532423208,0.5787418607089192,0.7607508532423208,0.6573807528114491,0.7608324803821221,0.5788660632044123,0.7608324803821221,0.6574913509986949
adult,ANFIS (Adaptive Neuro-Fuzzy Inference System),17,17,"{""learning_rate"": 0.01, ""max_train_samples"": 300, ""n_epochs"": 10, ""n_membership_functions"": 2, ""pca_components"": 6}",0.32885410000017146,0.75,0.5625,0.75,0.6428571428571428,0.7607508532423208,0.5787418607089192,0.7607508532423208,0.6573807528114491,0.7608324803821221,0.5788660632044123,0.7608324803821221,0.6574913509986949
adult,ANFIS (Adaptive Neuro-Fuzzy Inference System),17,17,"{""learning_rate"": 0.01, ""max_train_samples"": 300, ""n_epochs"": 25, ""n_membership_functions"": 2, ""pca_components"": 6}",0.5161958999997296,0.75,0.5625,0.75,0.6428571428571428,0.7607508532423208,0.5787418607089192,0.7607508532423208,0.6573807528114491,0.7608324803821221,0.5788660632044123,0.7608324803821221,0.6574913509986949
adult,ANFIS (Adaptive Neuro-Fuzzy Inference System),17,17,"{""learning_rate"": 0.05, ""max_train_samples"": 300, ""n_epochs"": 25, ""n_membership_functions"": 2, ""pca_components"": 6}",0.5106186999983038,0.7533333333333333,0.81438127090301,0.7533333333333333,0.6506629168340701,0.7627986348122867,0.8191785762642227,0.7627986348122867,0.6622069933014877,0.7615148413510747,0.8184288481436999,0.7615148413510747,0.6591070813770278
adult,ANFIS (Adaptive Neuro-Fuzzy Inference System),17,17,"{""learning_rate"": 0.01, ""max_train_samples"": 300, ""n_epochs"": 10, ""n_membership_functions"": 3, ""pca_components"": 6}",0.43236119999710354,0.75,0.5625,0.75,0.6428571428571428,0.7607508532423208,0.5787418607089192,0.7607508532423208,0.6573807528114491,0.7608324803821221,0.5788660632044123,0.7608324803821221,0.6574913509986949
adult,ANFIS (Adaptive Neuro-Fuzzy Inference System),17,17,"{""learning_rate"": 0.01, ""max_train_samples"": 300, ""n_epochs"": 25, ""n_membership_functions"": 2, ""pca_components"": 8}",0.6938833999993221,0.75,0.5625,0.75,0.6428571428571428,0.7607508532423208,0.5787418607089192,0.7607508532423208,0.6573807528114491,0.7608324803821221,0.5788660632044123,0.7608324803821221,0.6574913509986949
adult,ANFIS (Adaptive Neuro-Fuzzy Inference System),18,18,"{""learning_rate"": 0.01, ""max_train_samples"": 300, ""n_epochs"": 10, ""n_membership_functions"": 2, ""pca_components"": 6}",0.327500900002633,0.76,0.5776,0.76,0.6563636363636364,0.7607508532423208,0.5787418607089192,0.7607508532423208,0.6573807528114491,0.7608324803821221,0.5788660632044123,0.7608324803821221,0.6574913509986949
adult,ANFIS (Adaptive Neuro-Fuzzy Inference System),18,18,"{""learning_rate"": 0.01, ""max_train_samples"": 300, ""n_epochs"": 25, ""n_membership_functions"": 2, ""pca_components"": 6}",0.5094539999990957,0.76,0.5776,0.76,0.6563636363636364,0.7607508532423208,0.5787418607089192,0.7607508532423208,0.6573807528114491,0.7608324803821221,0.5788660632044123,0.7608324803821221,0.6574913509986949
adult,ANFIS (Adaptive Neuro-Fuzzy Inference System),18,18,"{""learning_rate"": 0.05, ""max_train_samples"": 300, ""n_epochs"": 25, ""n_membership_functions"": 2, ""pca_components"": 6}",0.5166009000022314,0.76,0.5776,0.76,0.6563636363636364,0.7607508532423208,0.5787418607089192,0.7607508532423208,0.6573807528114491,0.7608324803821221,0.5788660632044123,0.7608324803821221,0.6574913509986949
adult,ANFIS (Adaptive Neuro-Fuzzy Inference System),18,18,"{""learning_rate"": 0.01, ""max_train_samples"": 300, ""n_epochs"": 10, ""n_membership_functions"": 3, ""pca_components"": 6}",0.4302372000020114,0.76,0.5776,0.76,0.6563636363636364,0.7607508532423208,0.5787418607089192,0.7607508532423208,0.6573807528114491,0.7608324803821221,0.5788660632044123,0.7608324803821221,0.6574913509986949
adult,ANFIS (Adaptive Neuro-Fuzzy Inference System),18,18,"{""learning_rate"": 0.01, ""max_train_samples"": 300, ""n_epochs"": 25, ""n_membership_functions"": 2, ""pca_components"": 8}",0.6767251999990549,0.76,0.5776,0.76,0.6563636363636364,0.7607508532423208,0.5787418607089192,0.7607508532423208,0.6573807528114491,0.7608324803821221,0.5788660632044123,0.7608324803821221,0.6574913509986949
adult,ANFIS (Adaptive Neuro-Fuzzy Inference System),19,19,"{""learning_rate"": 0.01, ""max_train_samples"": 300, ""n_epochs"": 10, ""n_membership_functions"": 2, ""pca_components"": 6}",0.32947280000007595,0.7466666666666667,0.5575111111111111,0.7466666666666667,0.6383715012722646,0.7607508532423208,0.5787418607089192,0.7607508532423208,0.6573807528114491,0.7608324803821221,0.5788660632044123,0.7608324803821221,0.6574913509986949
adult,ANFIS (Adaptive Neuro-Fuzzy Inference System),19,19,"{""learning_rate"": 0.01, ""max_train_samples"": 300, ""n_epochs"": 25, ""n_membership_functions"": 2, ""pca_components"": 6}",0.5152089000002888,0.7466666666666667,0.5575111111111111,0.7466666666666667,0.6383715012722646,0.7607508532423208,0.5787418607089192,0.7607508532423208,0.6573807528114491,0.7608324803821221,0.5788660632044123,0.7608324803821221,0.6574913509986949
adult,ANFIS (Adaptive Neuro-Fuzzy Inference System),19,19,"{""learning_rate"": 0.05, ""max_train_samples"": 300, ""n_epochs"": 25, ""n_membership_functions"": 2, ""pca_components"": 6}",0.517990500000451,0.7466666666666667,0.5575111111111111,0.7466666666666667,0.6383715012722646,0.7621160409556313,0.7340190371855143,0.7621160409556313,0.663713977740585,0.761856021835551,0.7709292305855362,0.761856021835551,0.6605439377305984
adult,ANFIS (Adaptive Neuro-Fuzzy Inference System),19,19,"{""learning_rate"": 0.01, ""max_train_samples"": 300, ""n_epochs"": 10, ""n_membership_functions"": 3, ""pca_components"": 6}",0.4384591999987606,0.7466666666666667,0.5575111111111111,0.7466666666666667,0.6383715012722646,0.7607508532423208,0.5787418607089192,0.7607508532423208,0.6573807528114491,0.7608324803821221,0.5788660632044123,0.7608324803821221,0.6574913509986949
adult,ANFIS (Adaptive Neuro-Fuzzy Inference System),19,19,"{""learning_rate"": 0.01, ""max_train_samples"": 300, ""n_epochs"": 25, ""n_membership_functions"": 2, ""pca_components"": 8}",0.6725688000005903,0.7466666666666667,0.5575111111111111,0.7466666666666667,0.6383715012722646,0.7607508532423208,0.5787418607089192,0.7607508532423208,0.6573807528114491,0.7608324803821221,0.5788660632044123,0.7608324803821221,0.6574913509986949
adult,ANFIS (Adaptive Neuro-Fuzzy Inference System),20,20,"{""learning_rate"": 0.01, ""max_train_samples"": 300, ""n_epochs"": 10, ""n_membership_functions"": 2, ""pca_components"": 6}",0.33193829999800073,0.81,0.6561,0.81,0.7249723756906078,0.7607508532423208,0.5787418607089192,0.7607508532423208,0.6573807528114491,0.7608324803821221,0.5788660632044123,0.7608324803821221,0.6574913509986949
adult,ANFIS (Adaptive Neuro-Fuzzy Inference System),20,20,"{""learning_rate"": 0.01, ""max_train_samples"": 300, ""n_epochs"": 25, ""n_membership_functions"": 2, ""pca_components"": 6}",0.5095527000012225,0.81,0.6561,0.81,0.7249723756906078,0.7607508532423208,0.5787418607089192,0.7607508532423208,0.6573807528114491,0.7608324803821221,0.5788660632044123,0.7608324803821221,0.6574913509986949
adult,ANFIS (Adaptive Neuro-Fuzzy Inference System),20,20,"{""learning_rate"": 0.05, ""max_train_samples"": 300, ""n_epochs"": 25, ""n_membership_functions"": 2, ""pca_components"": 6}",0.5055598999970243,0.81,0.6561,0.81,0.7249723756906078,0.7607508532423208,0.5787418607089192,0.7607508532423208,0.6573807528114491,0.7608324803821221,0.5788660632044123,0.7608324803821221,0.6574913509986949
adult,ANFIS (Adaptive Neuro-Fuzzy Inference System),20,20,"{""learning_rate"": 0.01, ""max_train_samples"": 300, ""n_epochs"": 10, ""n_membership_functions"": 3, ""pca_components"": 6}",0.42818659999829833,0.81,0.6561,0.81,0.7249723756906078,0.7607508532423208,0.5787418607089192,0.7607508532423208,0.6573807528114491,0.7608324803821221,0.5788660632044123,0.7608324803821221,0.6574913509986949
adult,ANFIS (Adaptive Neuro-Fuzzy Inference System),20,20,"{""learning_rate"": 0.01, ""max_train_samples"": 300, ""n_epochs"": 25, ""n_membership_functions"": 2, ""pca_components"": 8}",0.661936100001185,0.81,0.6561,0.81,0.7249723756906078,0.7607508532423208,0.5787418607089192,0.7607508532423208,0.6573807528114491,0.7608324803821221,0.5788660632044123,0.7608324803821221,0.6574913509986949
adult,ANFIS (Adaptive Neuro-Fuzzy Inference System),21,21,"{""learning_rate"": 0.01, ""max_train_samples"": 300, ""n_epochs"": 10, ""n_membership_functions"": 2, ""pca_components"": 6}",0.32560689999809256,0.8133333333333334,0.6615111111111112,0.8133333333333334,0.729607843137255,0.7607508532423208,0.5787418607089192,0.7607508532423208,0.6573807528114491,0.7608324803821221,0.5788660632044123,0.7608324803821221,0.6574913509986949
adult,ANFIS (Adaptive Neuro-Fuzzy Inference System),21,21,"{""learning_rate"": 0.01, ""max_train_samples"": 300, ""n_epochs"": 25, ""n_membership_functions"": 2, ""pca_components"": 6}",0.5047611000009056,0.8133333333333334,0.6615111111111112,0.8133333333333334,0.729607843137255,0.7607508532423208,0.5787418607089192,0.7607508532423208,0.6573807528114491,0.7608324803821221,0.5788660632044123,0.7608324803821221,0.6574913509986949
adult,ANFIS (Adaptive Neuro-Fuzzy Inference System),21,21,"{""learning_rate"": 0.05, ""max_train_samples"": 300, ""n_epochs"": 25, ""n_membership_functions"": 2, ""pca_components"": 6}",0.5130215999997745,0.8133333333333334,0.6615111111111112,0.8133333333333334,0.729607843137255,0.7607508532423208,0.5787418607089192,0.7607508532423208,0.6573807528114491,0.7608324803821221,0.5788660632044123,0.7608324803821221,0.6574913509986949
adult,ANFIS (Adaptive Neuro-Fuzzy Inference System),21,21,"{""learning_rate"": 0.01, ""max_train_samples"": 300, ""n_epochs"": 10, ""n_membership_functions"": 3, ""pca_components"": 6}",0.43676980000236654,0.8133333333333334,0.6615111111111112,0.8133333333333334,0.729607843137255,0.7607508532423208,0.5787418607089192,0.7607508532423208,0.6573807528114491,0.7608324803821221,0.5788660632044123,0.7608324803821221,0.6574913509986949
adult,ANFIS (Adaptive Neuro-Fuzzy Inference System),21,21,"{""learning_rate"": 0.01, ""max_train_samples"": 300, ""n_epochs"": 25, ""n_membership_functions"": 2, ""pca_components"": 8}",0.6705674000004365,0.8133333333333334,0.6615111111111112,0.8133333333333334,0.729607843137255,0.7607508532423208,0.5787418607089192,0.7607508532423208,0.6573807528114491,0.7608324803821221,0.5788660632044123,0.7608324803821221,0.6574913509986949
bank_marketing,ANFIS (Adaptive Neuro-Fuzzy Inference System),1,1,"{""learning_rate"": 0.01, ""max_train_samples"": 300, ""n_epochs"": 10, ""n_membership_functions"": 2, ""pca_components"": 6}",0.3142325000007986,0.8733333333333333,0.7627111111111111,0.8733333333333333,0.8142823250296559,0.8827865831183193,0.7793121513337171,0.8827865831183193,0.8278284520627935,0.8831551787688905,0.7799630697863109,0.8831551787688905,0.8283577249286599
bank_marketing,ANFIS (Adaptive Neuro-Fuzzy Inference System),1,1,"{""learning_rate"": 0.01, ""max_train_samples"": 300, ""n_epochs"": 25, ""n_membership_functions"": 2, ""pca_components"": 6}",0.4991998000004969,0.8733333333333333,0.7627111111111111,0.8733333333333333,0.8142823250296559,0.8827865831183193,0.7793121513337171,0.8827865831183193,0.8278284520627935,0.8831551787688905,0.7799630697863109,0.8831551787688905,0.8283577249286599
bank_marketing,ANFIS (Adaptive Neuro-Fuzzy Inference System),1,1,"{""learning_rate"": 0.05, ""max_train_samples"": 300, ""n_epochs"": 25, ""n_membership_functions"": 2, ""pca_components"": 6}",0.4941671000015049,0.8733333333333333,0.7627111111111111,0.8733333333333333,0.8142823250296559,0.8827865831183193,0.7793121513337171,0.8827865831183193,0.8278284520627935,0.8831551787688905,0.7799630697863109,0.8831551787688905,0.8283577249286599
bank_marketing,ANFIS (Adaptive Neuro-Fuzzy Inference System),1,1,"{""learning_rate"": 0.01, ""max_train_samples"": 300, ""n_epochs"": 10, ""n_membership_functions"": 3, ""pca_components"": 6}",0.4192911999998614,0.8733333333333333,0.7627111111111111,0.8733333333333333,0.8142823250296559,0.8827865831183193,0.7793121513337171,0.8827865831183193,0.8278284520627935,0.8831551787688905,0.7799630697863109,0.8831551787688905,0.8283577249286599
bank_marketing,ANFIS (Adaptive Neuro-Fuzzy Inference System),1,1,"{""learning_rate"": 0.01, ""max_train_samples"": 300, ""n_epochs"": 25, ""n_membership_functions"": 2, ""pca_components"": 8}",0.6521839999986696,0.8733333333333333,0.7627111111111111,0.8733333333333333,0.8142823250296559,0.8827865831183193,0.7793121513337171,0.8827865831183193,0.8278284520627935,0.8831551787688905,0.7799630697863109,0.8831551787688905,0.8283577249286599
bank_marketing,ANFIS (Adaptive Neuro-Fuzzy Inference System),2,2,"{""learning_rate"": 0.01, ""max_train_samples"": 300, ""n_epochs"": 10, ""n_membership_functions"": 2, ""pca_components"": 6}",0.3146745000012743,0.8966666666666666,0.804011111111111,0.8966666666666666,0.8478148799062682,0.8827865831183193,0.7793121513337171,0.8827865831183193,0.8278284520627935,0.8831551787688905,0.7799630697863109,0.8831551787688905,0.8283577249286599
bank_marketing,ANFIS (Adaptive Neuro-Fuzzy Inference System),2,2,"{""learning_rate"": 0.01, ""max_train_samples"": 300, ""n_epochs"": 25, ""n_membership_functions"": 2, ""pca_components"": 6}",0.4911068000001251,0.8966666666666666,0.804011111111111,0.8966666666666666,0.8478148799062682,0.8827865831183193,0.7793121513337171,0.8827865831183193,0.8278284520627935,0.8831551787688905,0.7799630697863109,0.8831551787688905,0.8283577249286599
bank_marketing,ANFIS (Adaptive Neuro-Fuzzy Inference System),2,2,"{""learning_rate"": 0.05, ""max_train_samples"": 300, ""n_epochs"": 25, ""n_membership_functions"": 2, ""pca_components"": 6}",0.4957149000001664,0.8966666666666666,0.804011111111111,0.8966666666666666,0.8478148799062682,0.8827865831183193,0.7793121513337171,0.8827865831183193,0.8278284520627935,0.8831551787688905,0.7799630697863109,0.8831551787688905,0.8283577249286599
bank_marketing,ANFIS (Adaptive Neuro-Fuzzy Inference System),2,2,"{""learning_rate"": 0.01, ""max_train_samples"": 300, ""n_epochs"": 10, ""n_membership_functions"": 3, ""pca_components"": 6}",0.41605649999837624,0.8966666666666666,0.804011111111111,0.8966666666666666,0.8478148799062682,0.8827865831183193,0.7793121513337171,0.8827865831183193,0.8278284520627935,0.8831551787688905,0.7799630697863109,0.8831551787688905,0.8283577249286599
bank_marketing,ANFIS (Adaptive Neuro-Fuzzy Inference System),2,2,"{""learning_rate"": 0.01, ""max_train_samples"": 300, ""n_epochs"": 25, ""n_membership_functions"": 2, ""pca_components"": 8}",0.6480593000014778,0.8966666666666666,0.804011111111111,0.8966666666666666,0.8478148799062682,0.8827865831183193,0.7793121513337171,0.8827865831183193,0.8278284520627935,0.8831551787688905,0.7799630697863109,0.8831551787688905,0.8283577249286599
bank_marketing,ANFIS (Adaptive Neuro-Fuzzy Inference System),3,3,"{""learning_rate"": 0.01, ""max_train_samples"": 300, ""n_epochs"": 10, ""n_membership_functions"": 2, ""pca_components"": 6}",0.31882299999779207,0.9,0.81,0.9,0.8526315789473684,0.8827865831183193,0.7793121513337171,0.8827865831183193,0.8278284520627935,0.8831551787688905,0.7799630697863109,0.8831551787688905,0.8283577249286599
bank_marketing,ANFIS (Adaptive Neuro-Fuzzy Inference System),3,3,"{""learning_rate"": 0.01, ""max_train_samples"": 300, ""n_epochs"": 25, ""n_membership_functions"": 2, ""pca_components"": 6}",0.5028937999995833,0.9,0.81,0.9,0.8526315789473684,0.8827865831183193,0.7793121513337171,0.8827865831183193,0.8278284520627935,0.8831551787688905,0.7799630697863109,0.8831551787688905,0.8283577249286599
bank_marketing,ANFIS (Adaptive Neuro-Fuzzy Inference System),3,3,"{""learning_rate"": 0.05, ""max_train_samples"": 300, ""n_epochs"": 25, ""n_membership_functions"": 2, ""pca_components"": 6}",0.5001042000003508,0.9,0.81,0.9,0.8526315789473684,0.8827865831183193,0.7793121513337171,0.8827865831183193,0.8278284520627935,0.8831551787688905,0.7799630697863109,0.8831551787688905,0.8283577249286599
bank_marketing,ANFIS (Adaptive Neuro-Fuzzy Inference System),3,3,"{""learning_rate"": 0.01, ""max_train_samples"": 300, ""n_epochs"": 10, ""n_membership_functions"": 3, ""pca_components"": 6}",0.4218220000002475,0.9,0.81,0.9,0.8526315789473684,0.8827865831183193,0.7793121513337171,0.8827865831183193,0.8278284520627935,0.8831551787688905,0.7799630697863109,0.8831551787688905,0.8283577249286599
bank_marketing,ANFIS (Adaptive Neuro-Fuzzy Inference System),3,3,"{""learning_rate"": 0.01, ""max_train_samples"": 300, ""n_epochs"": 25, ""n_membership_functions"": 2, ""pca_components"": 8}",0.6561804000011762,0.9,0.81,0.9,0.8526315789473684,0.8827865831183193,0.7793121513337171,0.8827865831183193,0.8278284520627935,0.8831551787688905,0.7799630697863109,0.8831551787688905,0.8283577249286599
bank_marketing,ANFIS (Adaptive Neuro-Fuzzy Inference System),4,4,"{""learning_rate"": 0.01, ""max_train_samples"": 300, ""n_epochs"": 10, ""n_membership_functions"": 2, ""pca_components"": 6}",0.3146615000005113,0.8966666666666666,0.804011111111111,0.8966666666666666,0.8478148799062682,0.8827865831183193,0.7793121513337171,0.8827865831183193,0.8278284520627935,0.8831551787688905,0.7799630697863109,0.8831551787688905,0.8283577249286599
bank_marketing,ANFIS (Adaptive Neuro-Fuzzy Inference System),4,4,"{""learning_rate"": 0.01, ""max_train_samples"": 300, ""n_epochs"": 25, ""n_membership_functions"": 2, ""pca_components"": 6}",0.4955962999993062,0.8966666666666666,0.804011111111111,0.8966666666666666,0.8478148799062682,0.8827865831183193,0.7793121513337171,0.8827865831183193,0.8278284520627935,0.8831551787688905,0.7799630697863109,0.8831551787688905,0.8283577249286599
bank_marketing,ANFIS (Adaptive Neuro-Fuzzy Inference System),4,4,"{""learning_rate"": 0.05, ""max_train_samples"": 300, ""n_epochs"": 25, ""n_membership_functions"": 2, ""pca_components"": 6}",0.5025859000015771,0.8966666666666666,0.804011111111111,0.8966666666666666,0.8478148799062682,0.8827865831183193,0.7793121513337171,0.8827865831183193,0.8278284520627935,0.8831551787688905,0.7799630697863109,0.8831551787688905,0.8283577249286599
bank_marketing,ANFIS (Adaptive Neuro-Fuzzy Inference System),4,4,"{""learning_rate"": 0.01, ""max_train_samples"": 300, ""n_epochs"": 10, ""n_membership_functions"": 3, ""pca_components"": 6}",0.41606229999888455,0.8966666666666666,0.804011111111111,0.8966666666666666,0.8478148799062682,0.8827865831183193,0.7793121513337171,0.8827865831183193,0.8278284520627935,0.8831551787688905,0.7799630697863109,0.8831551787688905,0.8283577249286599
bank_marketing,ANFIS (Adaptive Neuro-Fuzzy Inference System),4,4,"{""learning_rate"": 0.01, ""max_train_samples"": 300, ""n_epochs"": 25, ""n_membership_functions"": 2, ""pca_components"": 8}",0.6474253000014869,0.8966666666666666,0.804011111111111,0.8966666666666666,0.8478148799062682,0.8827865831183193,0.7793121513337171,0.8827865831183193,0.8278284520627935,0.8831551787688905,0.7799630697863109,0.8831551787688905,0.8283577249286599
bank_marketing,ANFIS (Adaptive Neuro-Fuzzy Inference System),5,5,"{""learning_rate"": 0.01, ""max_train_samples"": 300, ""n_epochs"": 10, ""n_membership_functions"": 2, ""pca_components"": 6}",0.314639399999578,0.87,0.7569,0.87,0.8095187165775402,0.8827865831183193,0.7793121513337171,0.8827865831183193,0.8278284520627935,0.8831551787688905,0.7799630697863109,0.8831551787688905,0.8283577249286599
bank_marketing,ANFIS (Adaptive Neuro-Fuzzy Inference System),5,5,"{""learning_rate"": 0.01, ""max_train_samples"": 300, ""n_epochs"": 25, ""n_membership_functions"": 2, ""pca_components"": 6}",0.4946672000005492,0.87,0.7569,0.87,0.8095187165775402,0.8827865831183193,0.7793121513337171,0.8827865831183193,0.8278284520627935,0.8831551787688905,0.7799630697863109,0.8831551787688905,0.8283577249286599
bank_marketing,ANFIS (Adaptive Neuro-Fuzzy Inference System),5,5,"{""learning_rate"": 0.05, ""max_train_samples"": 300, ""n_epochs"": 25, ""n_membership_functions"": 2, ""pca_components"": 6}",0.497269999999844,0.87,0.7569,0.87,0.8095187165775402,0.8827865831183193,0.7793121513337171,0.8827865831183193,0.8278284520627935,0.8831551787688905,0.7799630697863109,0.8831551787688905,0.8283577249286599
bank_marketing,ANFIS (Adaptive Neuro-Fuzzy Inference System),5,5,"{""learning_rate"": 0.01, ""max_train_samples"": 300, ""n_epochs"": 10, ""n_membership_functions"": 3, ""pca_components"": 6}",0.41599000000132946,0.87,0.7569,0.87,0.8095187165775402,0.8827865831183193,0.7793121513337171,0.8827865831183193,0.8278284520627935,0.8831551787688905,0.7799630697863109,0.8831551787688905,0.8283577249286599
bank_marketing,ANFIS (Adaptive Neuro-Fuzzy Inference System),5,5,"{""learning_rate"": 0.01, ""max_train_samples"": 300, ""n_epochs"": 25, ""n_membership_functions"": 2, ""pca_components"": 8}",0.64752579999913,0.87,0.7569,0.87,0.8095187165775402,0.8827865831183193,0.7793121513337171,0.8827865831183193,0.8278284520627935,0.8831551787688905,0.7799630697863109,0.8831551787688905,0.8283577249286599
bank_marketing,ANFIS (Adaptive Neuro-Fuzzy Inference System),6,6,"{""learning_rate"": 0.01, ""max_train_samples"": 300, ""n_epochs"": 10, ""n_membership_functions"": 2, ""pca_components"": 6}",0.35326030000214814,0.8766666666666667,0.7685444444444445,0.8766666666666667,0.819052693901717,0.8827865831183193,0.7793121513337171,0.8827865831183193,0.8278284520627935,0.8831551787688905,0.7799630697863109,0.8831551787688905,0.8283577249286599
bank_marketing,ANFIS (Adaptive Neuro-Fuzzy Inference System),6,6,"{""learning_rate"": 0.01, ""max_train_samples"": 300, ""n_epochs"": 25, ""n_membership_functions"": 2, ""pca_components"": 6}",0.5094118999986676,0.8766666666666667,0.7685444444444445,0.8766666666666667,0.819052693901717,0.8827865831183193,0.7793121513337171,0.8827865831183193,0.8278284520627935,0.8831551787688905,0.7799630697863109,0.8831551787688905,0.8283577249286599
bank_marketing,ANFIS (Adaptive Neuro-Fuzzy Inference System),6,6,"{""learning_rate"": 0.05, ""max_train_samples"": 300, ""n_epochs"": 25, ""n_membership_functions"": 2, ""pca_components"": 6}",0.5012127999980294,0.8766666666666667,0.7685444444444445,0.8766666666666667,0.819052693901717,0.8827865831183193,0.7793121513337171,0.8827865831183193,0.8278284520627935,0.8831551787688905,0.7799630697863109,0.8831551787688905,0.8283577249286599
bank_marketing,ANFIS (Adaptive Neuro-Fuzzy Inference System),6,6,"{""learning_rate"": 0.01, ""max_train_samples"": 300, ""n_epochs"": 10, ""n_membership_functions"": 3, ""pca_components"": 6}",0.41279519999807235,0.8766666666666667,0.7685444444444445,0.8766666666666667,0.819052693901717,0.8827865831183193,0.7793121513337171,0.8827865831183193,0.8278284520627935,0.8831551787688905,0.7799630697863109,0.8831551787688905,0.8283577249286599
bank_marketing,ANFIS (Adaptive Neuro-Fuzzy Inference System),6,6,"{""learning_rate"": 0.01, ""max_train_samples"": 300, ""n_epochs"": 25, ""n_membership_functions"": 2, ""pca_components"": 8}",0.6624798000011651,0.8766666666666667,0.7685444444444445,0.8766666666666667,0.819052693901717,0.8827865831183193,0.7793121513337171,0.8827865831183193,0.8278284520627935,0.8831551787688905,0.7799630697863109,0.8831551787688905,0.8283577249286599
bank_marketing,ANFIS (Adaptive Neuro-Fuzzy Inference System),7,7,"{""learning_rate"": 0.01, ""max_train_samples"": 300, ""n_epochs"": 10, ""n_membership_functions"": 2, ""pca_components"": 6}",0.31475219999992987,0.9,0.81,0.9,0.8526315789473684,0.8827865831183193,0.7793121513337171,0.8827865831183193,0.8278284520627935,0.8831551787688905,0.7799630697863109,0.8831551787688905,0.8283577249286599
bank_marketing,ANFIS (Adaptive Neuro-Fuzzy Inference System),7,7,"{""learning_rate"": 0.01, ""max_train_samples"": 300, ""n_epochs"": 25, ""n_membership_functions"": 2, ""pca_components"": 6}",0.5001775000018824,0.9,0.81,0.9,0.8526315789473684,0.8827865831183193,0.7793121513337171,0.8827865831183193,0.8278284520627935,0.8831551787688905,0.7799630697863109,0.8831551787688905,0.8283577249286599
bank_marketing,ANFIS (Adaptive Neuro-Fuzzy Inference System),7,7,"{""learning_rate"": 0.05, ""max_train_samples"": 300, ""n_epochs"": 25, ""n_membership_functions"": 2, ""pca_components"": 6}",0.4948696999999811,0.9,0.81,0.9,0.8526315789473684,0.8827865831183193,0.7793121513337171,0.8827865831183193,0.8278284520627935,0.8831551787688905,0.7799630697863109,0.8831551787688905,0.8283577249286599
bank_marketing,ANFIS (Adaptive Neuro-Fuzzy Inference System),7,7,"{""learning_rate"": 0.01, ""max_train_samples"": 300, ""n_epochs"": 10, ""n_membership_functions"": 3, ""pca_components"": 6}",0.40726749999885214,0.9,0.81,0.9,0.8526315789473684,0.8827865831183193,0.7793121513337171,0.8827865831183193,0.8278284520627935,0.8831551787688905,0.7799630697863109,0.8831551787688905,0.8283577249286599
bank_marketing,ANFIS (Adaptive Neuro-Fuzzy Inference System),7,7,"{""learning_rate"": 0.01, ""max_train_samples"": 300, ""n_epochs"": 25, ""n_membership_functions"": 2, ""pca_components"": 8}",0.6506917000006069,0.9,0.81,0.9,0.8526315789473684,0.8827865831183193,0.7793121513337171,0.8827865831183193,0.8278284520627935,0.8831551787688905,0.7799630697863109,0.8831551787688905,0.8283577249286599
bank_marketing,ANFIS (Adaptive Neuro-Fuzzy Inference System),8,8,"{""learning_rate"": 0.01, ""max_train_samples"": 300, ""n_epochs"": 10, ""n_membership_functions"": 2, ""pca_components"": 6}",0.31461009999839007,0.91,0.8281000000000001,0.91,0.8671204188481676,0.8827865831183193,0.7793121513337171,0.8827865831183193,0.8278284520627935,0.8831551787688905,0.7799630697863109,0.8831551787688905,0.8283577249286599
bank_marketing,ANFIS (Adaptive Neuro-Fuzzy Inference System),8,8,"{""learning_rate"": 0.01, ""max_train_samples"": 300, ""n_epochs"": 25, ""n_membership_functions"": 2, ""pca_components"": 6}",0.49347499999930733,0.91,0.8281000000000001,0.91,0.8671204188481676,0.8827865831183193,0.7793121513337171,0.8827865831183193,0.8278284520627935,0.8831551787688905,0.7799630697863109,0.8831551787688905,0.8283577249286599
bank_marketing,ANFIS (Adaptive Neuro-Fuzzy Inference System),8,8,"{""learning_rate"": 0.05, ""max_train_samples"": 300, ""n_epochs"": 25, ""n_membership_functions"": 2, ""pca_components"": 6}",0.508208299997932,0.91,0.8281000000000001,0.91,0.8671204188481676,0.8827865831183193,0.7793121513337171,0.8827865831183193,0.8278284520627935,0.8831551787688905,0.7799630697863109,0.8831551787688905,0.8283577249286599
bank_marketing,ANFIS (Adaptive Neuro-Fuzzy Inference System),8,8,"{""learning_rate"": 0.01, ""max_train_samples"": 300, ""n_epochs"": 10, ""n_membership_functions"": 3, ""pca_components"": 6}",0.4105855999987398,0.91,0.8281000000000001,0.91,0.8671204188481676,0.8827865831183193,0.7793121513337171,0.8827865831183193,0.8278284520627935,0.8831551787688905,0.7799630697863109,0.8831551787688905,0.8283577249286599
bank_marketing,ANFIS (Adaptive Neuro-Fuzzy Inference System),8,8,"{""learning_rate"": 0.01, ""max_train_samples"": 300, ""n_epochs"": 25, ""n_membership_functions"": 2, ""pca_components"": 8}",0.6698752999982389,0.91,0.8281000000000001,0.91,0.8671204188481676,0.8827865831183193,0.7793121513337171,0.8827865831183193,0.8278284520627935,0.8831551787688905,0.7799630697863109,0.8831551787688905,0.8283577249286599
bank_marketing,ANFIS (Adaptive Neuro-Fuzzy Inference System),9,9,"{""learning_rate"": 0.01, ""max_train_samples"": 300, ""n_epochs"": 10, ""n_membership_functions"": 2, ""pca_components"": 6}",0.3225043000020378,0.87,0.7569,0.87,0.8095187165775402,0.8827865831183193,0.7793121513337171,0.8827865831183193,0.8278284520627935,0.8831551787688905,0.7799630697863109,0.8831551787688905,0.8283577249286599
bank_marketing,ANFIS (Adaptive Neuro-Fuzzy Inference System),9,9,"{""learning_rate"": 0.01, ""max_train_samples"": 300, ""n_epochs"": 25, ""n_membership_functions"": 2, ""pca_components"": 6}",0.5085015000004205,0.87,0.7569,0.87,0.8095187165775402,0.8827865831183193,0.7793121513337171,0.8827865831183193,0.8278284520627935,0.8831551787688905,0.7799630697863109,0.8831551787688905,0.8283577249286599
bank_marketing,ANFIS (Adaptive Neuro-Fuzzy Inference System),9,9,"{""learning_rate"": 0.05, ""max_train_samples"": 300, ""n_epochs"": 25, ""n_membership_functions"": 2, ""pca_components"": 6}",0.4986217999976361,0.87,0.7569,0.87,0.8095187165775402,0.8827865831183193,0.7793121513337171,0.8827865831183193,0.8278284520627935,0.8831551787688905,0.7799630697863109,0.8831551787688905,0.8283577249286599
bank_marketing,ANFIS (Adaptive Neuro-Fuzzy Inference System),9,9,"{""learning_rate"": 0.01, ""max_train_samples"": 300, ""n_epochs"": 10, ""n_membership_functions"": 3, ""pca_components"": 6}",0.4154076000013447,0.87,0.7569,0.87,0.8095187165775402,0.8827865831183193,0.7793121513337171,0.8827865831183193,0.8278284520627935,0.8831551787688905,0.7799630697863109,0.8831551787688905,0.8283577249286599
bank_marketing,ANFIS (Adaptive Neuro-Fuzzy Inference System),9,9,"{""learning_rate"": 0.01, ""max_train_samples"": 300, ""n_epochs"": 25, ""n_membership_functions"": 2, ""pca_components"": 8}",0.648767399998178,0.87,0.7569,0.87,0.8095187165775402,0.8827865831183193,0.7793121513337171,0.8827865831183193,0.8278284520627935,0.8831551787688905,0.7799630697863109,0.8831551787688905,0.8283577249286599
bank_marketing,ANFIS (Adaptive Neuro-Fuzzy Inference System),10,10,"{""learning_rate"": 0.01, ""max_train_samples"": 300, ""n_epochs"": 10, ""n_membership_functions"": 2, ""pca_components"": 6}",0.3158139000006486,0.88,0.7744,0.88,0.8238297872340425,0.8827865831183193,0.7793121513337171,0.8827865831183193,0.8278284520627935,0.8831551787688905,0.7799630697863109,0.8831551787688905,0.8283577249286599
bank_marketing,ANFIS (Adaptive Neuro-Fuzzy Inference System),10,10,"{""learning_rate"": 0.01, ""max_train_samples"": 300, ""n_epochs"": 25, ""n_membership_functions"": 2, ""pca_components"": 6}",0.49703329999829293,0.88,0.7744,0.88,0.8238297872340425,0.8827865831183193,0.7793121513337171,0.8827865831183193,0.8278284520627935,0.8831551787688905,0.7799630697863109,0.8831551787688905,0.8283577249286599
bank_marketing,ANFIS (Adaptive Neuro-Fuzzy Inference System),10,10,"{""learning_rate"": 0.05, ""max_train_samples"": 300, ""n_epochs"": 25, ""n_membership_functions"": 2, ""pca_components"": 6}",0.5005334000015864,0.88,0.7744,0.88,0.8238297872340425,0.8827865831183193,0.7793121513337171,0.8827865831183193,0.8278284520627935,0.8831551787688905,0.7799630697863109,0.8831551787688905,0.8283577249286599
bank_marketing,ANFIS (Adaptive Neuro-Fuzzy Inference System),10,10,"{""learning_rate"": 0.01, ""max_train_samples"": 300, ""n_epochs"": 10, ""n_membership_functions"": 3, ""pca_components"": 6}",0.4065867999997863,0.88,0.7744,0.88,0.8238297872340425,0.8827865831183193,0.7793121513337171,0.8827865831183193,0.8278284520627935,0.8831551787688905,0.7799630697863109,0.8831551787688905,0.8283577249286599
bank_marketing,ANFIS (Adaptive Neuro-Fuzzy Inference System),10,10,"{""learning_rate"": 0.01, ""max_train_samples"": 300, ""n_epochs"": 25, ""n_membership_functions"": 2, ""pca_components"": 8}",0.6481445000026724,0.88,0.7744,0.88,0.8238297872340425,0.8827865831183193,0.7793121513337171,0.8827865831183193,0.8278284520627935,0.8831551787688905,0.7799630697863109,0.8831551787688905,0.8283577249286599
bank_marketing,ANFIS (Adaptive Neuro-Fuzzy Inference System),11,11,"{""learning_rate"": 0.01, ""max_train_samples"": 300, ""n_epochs"": 10, ""n_membership_functions"": 2, ""pca_components"": 6}",0.3138524999994843,0.8666666666666667,0.7511111111111112,0.8666666666666667,0.8047619047619048,0.8827865831183193,0.7793121513337171,0.8827865831183193,0.8278284520627935,0.8831551787688905,0.7799630697863109,0.8831551787688905,0.8283577249286599
bank_marketing,ANFIS (Adaptive Neuro-Fuzzy Inference System),11,11,"{""learning_rate"": 0.01, ""max_train_samples"": 300, ""n_epochs"": 25, ""n_membership_functions"": 2, ""pca_components"": 6}",0.5073775000018941,0.8666666666666667,0.7511111111111112,0.8666666666666667,0.8047619047619048,0.8827865831183193,0.7793121513337171,0.8827865831183193,0.8278284520627935,0.8831551787688905,0.7799630697863109,0.8831551787688905,0.8283577249286599
bank_marketing,ANFIS (Adaptive Neuro-Fuzzy Inference System),11,11,"{""learning_rate"": 0.05, ""max_train_samples"": 300, ""n_epochs"": 25, ""n_membership_functions"": 2, ""pca_components"": 6}",0.4996000000028289,0.8666666666666667,0.7511111111111112,0.8666666666666667,0.8047619047619048,0.8827865831183193,0.7793121513337171,0.8827865831183193,0.8278284520627935,0.8831551787688905,0.7799630697863109,0.8831551787688905,0.8283577249286599
bank_marketing,ANFIS (Adaptive Neuro-Fuzzy Inference System),11,11,"{""learning_rate"": 0.01, ""max_train_samples"": 300, ""n_epochs"": 10, ""n_membership_functions"": 3, ""pca_components"": 6}",0.41513839999970514,0.8666666666666667,0.7511111111111112,0.8666666666666667,0.8047619047619048,0.8827865831183193,0.7793121513337171,0.8827865831183193,0.8278284520627935,0.8831551787688905,0.7799630697863109,0.8831551787688905,0.8283577249286599
bank_marketing,ANFIS (Adaptive Neuro-Fuzzy Inference System),11,11,"{""learning_rate"": 0.01, ""max_train_samples"": 300, ""n_epochs"": 25, ""n_membership_functions"": 2, ""pca_components"": 8}",0.6595390000002226,0.8666666666666667,0.7511111111111112,0.8666666666666667,0.8047619047619048,0.8827865831183193,0.7793121513337171,0.8827865831183193,0.8278284520627935,0.8831551787688905,0.7799630697863109,0.8831551787688905,0.8283577249286599
bank_marketing,ANFIS (Adaptive Neuro-Fuzzy Inference System),12,12,"{""learning_rate"": 0.01, ""max_train_samples"": 300, ""n_epochs"": 10, ""n_membership_functions"": 2, ""pca_components"": 6}",0.31547710000086227,0.89,0.7921,0.89,0.8382010582010582,0.8827865831183193,0.7793121513337171,0.8827865831183193,0.8278284520627935,0.8831551787688905,0.7799630697863109,0.8831551787688905,0.8283577249286599
bank_marketing,ANFIS (Adaptive Neuro-Fuzzy Inference System),12,12,"{""learning_rate"": 0.01, ""max_train_samples"": 300, ""n_epochs"": 25, ""n_membership_functions"": 2, ""pca_components"": 6}",0.4974283999981708,0.89,0.7921,0.89,0.8382010582010582,0.8827865831183193,0.7793121513337171,0.8827865831183193,0.8278284520627935,0.8831551787688905,0.7799630697863109,0.8831551787688905,0.8283577249286599
bank_marketing,ANFIS (Adaptive Neuro-Fuzzy Inference System),12,12,"{""learning_rate"": 0.05, ""max_train_samples"": 300, ""n_epochs"": 25, ""n_membership_functions"": 2, ""pca_components"": 6}",0.48922390000007,0.89,0.7921,0.89,0.8382010582010582,0.8827865831183193,0.7793121513337171,0.8827865831183193,0.8278284520627935,0.8831551787688905,0.7799630697863109,0.8831551787688905,0.8283577249286599
bank_marketing,ANFIS (Adaptive Neuro-Fuzzy Inference System),12,12,"{""learning_rate"": 0.01, ""max_train_samples"": 300, ""n_epochs"": 10, ""n_membership_functions"": 3, ""pca_components"": 6}",0.4105873000007705,0.89,0.7921,0.89,0.8382010582010582,0.8827865831183193,0.7793121513337171,0.8827865831183193,0.8278284520627935,0.8831551787688905,0.7799630697863109,0.8831551787688905,0.8283577249286599
bank_marketing,ANFIS (Adaptive Neuro-Fuzzy Inference System),12,12,"{""learning_rate"": 0.01, ""max_train_samples"": 300, ""n_epochs"": 25, ""n_membership_functions"": 2, ""pca_components"": 8}",0.65398500000083,0.89,0.7921,0.89,0.8382010582010582,0.8827865831183193,0.7793121513337171,0.8827865831183193,0.8278284520627935,0.8831551787688905,0.7799630697863109,0.8831551787688905,0.8283577249286599
bank_marketing,ANFIS (Adaptive Neuro-Fuzzy Inference System),13,13,"{""learning_rate"": 0.01, ""max_train_samples"": 300, ""n_epochs"": 10, ""n_membership_functions"": 2, ""pca_components"": 6}",0.31315840000024764,0.8733333333333333,0.7627111111111111,0.8733333333333333,0.8142823250296559,0.8827865831183193,0.7793121513337171,0.8827865831183193,0.8278284520627935,0.8831551787688905,0.7799630697863109,0.8831551787688905,0.8283577249286599
bank_marketing,ANFIS (Adaptive Neuro-Fuzzy Inference System),13,13,"{""learning_rate"": 0.01, ""max_train_samples"": 300, ""n_epochs"": 25, ""n_membership_functions"": 2, ""pca_components"": 6}",0.4974478000003728,0.8733333333333333,0.7627111111111111,0.8733333333333333,0.8142823250296559,0.8827865831183193,0.7793121513337171,0.8827865831183193,0.8278284520627935,0.8831551787688905,0.7799630697863109,0.8831551787688905,0.8283577249286599
bank_marketing,ANFIS (Adaptive Neuro-Fuzzy Inference System),13,13,"{""learning_rate"": 0.05, ""max_train_samples"": 300, ""n_epochs"": 25, ""n_membership_functions"": 2, ""pca_components"": 6}",0.4977476000021852,0.8733333333333333,0.7627111111111111,0.8733333333333333,0.8142823250296559,0.8827865831183193,0.7793121513337171,0.8827865831183193,0.8278284520627935,0.8831551787688905,0.7799630697863109,0.8831551787688905,0.8283577249286599
bank_marketing,ANFIS (Adaptive Neuro-Fuzzy Inference System),13,13,"{""learning_rate"": 0.01, ""max_train_samples"": 300, ""n_epochs"": 10, ""n_membership_functions"": 3, ""pca_components"": 6}",0.4103224999998929,0.8733333333333333,0.7627111111111111,0.8733333333333333,0.8142823250296559,0.8827865831183193,0.7793121513337171,0.8827865831183193,0.8278284520627935,0.8831551787688905,0.7799630697863109,0.8831551787688905,0.8283577249286599
bank_marketing,ANFIS (Adaptive Neuro-Fuzzy Inference System),13,13,"{""learning_rate"": 0.01, ""max_train_samples"": 300, ""n_epochs"": 25, ""n_membership_functions"": 2, ""pca_components"": 8}",0.6540903999994043,0.8733333333333333,0.7627111111111111,0.8733333333333333,0.8142823250296559,0.8827865831183193,0.7793121513337171,0.8827865831183193,0.8278284520627935,0.8831551787688905,0.7799630697863109,0.8831551787688905,0.8283577249286599
bank_marketing,ANFIS (Adaptive Neuro-Fuzzy Inference System),14,14,"{""learning_rate"": 0.01, ""max_train_samples"": 300, ""n_epochs"": 10, ""n_membership_functions"": 2, ""pca_components"": 6}",0.3214804000017466,0.8766666666666667,0.7685444444444445,0.8766666666666667,0.819052693901717,0.8827865831183193,0.7793121513337171,0.8827865831183193,0.8278284520627935,0.8831551787688905,0.7799630697863109,0.8831551787688905,0.8283577249286599
bank_marketing,ANFIS (Adaptive Neuro-Fuzzy Inference System),14,14,"{""learning_rate"": 0.01, ""max_train_samples"": 300, ""n_epochs"": 25, ""n_membership_functions"": 2, ""pca_components"": 6}",0.5072768000027281,0.8766666666666667,0.7685444444444445,0.8766666666666667,0.819052693901717,0.8827865831183193,0.7793121513337171,0.8827865831183193,0.8278284520627935,0.8831551787688905,0.7799630697863109,0.8831551787688905,0.8283577249286599
bank_marketing,ANFIS (Adaptive Neuro-Fuzzy Inference System),14,14,"{""learning_rate"": 0.05, ""max_train_samples"": 300, ""n_epochs"": 25, ""n_membership_functions"": 2, ""pca_components"": 6}",0.5106565999994928,0.8766666666666667,0.7685444444444445,0.8766666666666667,0.819052693901717,0.8827865831183193,0.7793121513337171,0.8827865831183193,0.8278284520627935,0.8831551787688905,0.7799630697863109,0.8831551787688905,0.8283577249286599
bank_marketing,ANFIS (Adaptive Neuro-Fuzzy Inference System),14,14,"{""learning_rate"": 0.01, ""max_train_samples"": 300, ""n_epochs"": 10, ""n_membership_functions"": 3, ""pca_components"": 6}",0.41585549999945215,0.8766666666666667,0.7685444444444445,0.8766666666666667,0.819052693901717,0.8827865831183193,0.7793121513337171,0.8827865831183193,0.8278284520627935,0.8831551787688905,0.7799630697863109,0.8831551787688905,0.8283577249286599
bank_marketing,ANFIS (Adaptive Neuro-Fuzzy Inference System),14,14,"{""learning_rate"": 0.01, ""max_train_samples"": 300, ""n_epochs"": 25, ""n_membership_functions"": 2, ""pca_components"": 8}",0.65745280000192,0.8766666666666667,0.7685444444444445,0.8766666666666667,0.819052693901717,0.8827865831183193,0.7793121513337171,0.8827865831183193,0.8278284520627935,0.8831551787688905,0.7799630697863109,0.8831551787688905,0.8283577249286599
bank_marketing,ANFIS (Adaptive Neuro-Fuzzy Inference System),15,15,"{""learning_rate"": 0.01, ""max_train_samples"": 300, ""n_epochs"": 10, ""n_membership_functions"": 2, ""pca_components"": 6}",0.3170516999998654,0.8733333333333333,0.7627111111111111,0.8733333333333333,0.8142823250296559,0.8827865831183193,0.7793121513337171,0.8827865831183193,0.8278284520627935,0.8831551787688905,0.7799630697863109,0.8831551787688905,0.8283577249286599
bank_marketing,ANFIS (Adaptive Neuro-Fuzzy Inference System),15,15,"{""learning_rate"": 0.01, ""max_train_samples"": 300, ""n_epochs"": 25, ""n_membership_functions"": 2, ""pca_components"": 6}",0.4966729000007035,0.8733333333333333,0.7627111111111111,0.8733333333333333,0.8142823250296559,0.8827865831183193,0.7793121513337171,0.8827865831183193,0.8278284520627935,0.8831551787688905,0.7799630697863109,0.8831551787688905,0.8283577249286599
bank_marketing,ANFIS (Adaptive Neuro-Fuzzy Inference System),15,15,"{""learning_rate"": 0.05, ""max_train_samples"": 300, ""n_epochs"": 25, ""n_membership_functions"": 2, ""pca_components"": 6}",0.49408580000090296,0.8733333333333333,0.7627111111111111,0.8733333333333333,0.8142823250296559,0.8827865831183193,0.7793121513337171,0.8827865831183193,0.8278284520627935,0.8831551787688905,0.7799630697863109,0.8831551787688905,0.8283577249286599
bank_marketing,ANFIS (Adaptive Neuro-Fuzzy Inference System),15,15,"{""learning_rate"": 0.01, ""max_train_samples"": 300, ""n_epochs"": 10, ""n_membership_functions"": 3, ""pca_components"": 6}",0.41383979999955045,0.8733333333333333,0.7627111111111111,0.8733333333333333,0.8142823250296559,0.8827865831183193,0.7793121513337171,0.8827865831183193,0.8278284520627935,0.8831551787688905,0.7799630697863109,0.8831551787688905,0.8283577249286599
bank_marketing,ANFIS (Adaptive Neuro-Fuzzy Inference System),15,15,"{""learning_rate"": 0.01, ""max_train_samples"": 300, ""n_epochs"": 25, ""n_membership_functions"": 2, ""pca_components"": 8}",0.652866600001289,0.8733333333333333,0.7627111111111111,0.8733333333333333,0.8142823250296559,0.8827865831183193,0.7793121513337171,0.8827865831183193,0.8278284520627935,0.8831551787688905,0.7799630697863109,0.8831551787688905,0.8283577249286599
bank_marketing,ANFIS (Adaptive Neuro-Fuzzy Inference System),16,16,"{""learning_rate"": 0.01, ""max_train_samples"": 300, ""n_epochs"": 10, ""n_membership_functions"": 2, ""pca_components"": 6}",0.31552690000171424,0.9,0.81,0.9,0.8526315789473684,0.8827865831183193,0.7793121513337171,0.8827865831183193,0.8278284520627935,0.8831551787688905,0.7799630697863109,0.8831551787688905,0.8283577249286599
bank_marketing,ANFIS (Adaptive Neuro-Fuzzy Inference System),16,16,"{""learning_rate"": 0.01, ""max_train_samples"": 300, ""n_epochs"": 25, ""n_membership_functions"": 2, ""pca_components"": 6}",0.49428720000287285,0.9,0.81,0.9,0.8526315789473684,0.8827865831183193,0.7793121513337171,0.8827865831183193,0.8278284520627935,0.8831551787688905,0.7799630697863109,0.8831551787688905,0.8283577249286599
bank_marketing,ANFIS (Adaptive Neuro-Fuzzy Inference System),16,16,"{""learning_rate"": 0.05, ""max_train_samples"": 300, ""n_epochs"": 25, ""n_membership_functions"": 2, ""pca_components"": 6}",0.500005499998224,0.9,0.81,0.9,0.8526315789473684,0.8827865831183193,0.7793121513337171,0.8827865831183193,0.8278284520627935,0.8831551787688905,0.7799630697863109,0.8831551787688905,0.8283577249286599
bank_marketing,ANFIS (Adaptive Neuro-Fuzzy Inference System),16,16,"{""learning_rate"": 0.01, ""max_train_samples"": 300, ""n_epochs"": 10, ""n_membership_functions"": 3, ""pca_components"": 6}",0.40892259999964153,0.9,0.81,0.9,0.8526315789473684,0.8827865831183193,0.7793121513337171,0.8827865831183193,0.8278284520627935,0.8831551787688905,0.7799630697863109,0.8831551787688905,0.8283577249286599
bank_marketing,ANFIS (Adaptive Neuro-Fuzzy Inference System),16,16,"{""learning_rate"": 0.01, ""max_train_samples"": 300, ""n_epochs"": 25, ""n_membership_functions"": 2, ""pca_components"": 8}",0.6552355000021635,0.9,0.81,0.9,0.8526315789473684,0.8827865831183193,0.7793121513337171,0.8827865831183193,0.8278284520627935,0.8831551787688905,0.7799630697863109,0.8831551787688905,0.8283577249286599
bank_marketing,ANFIS (Adaptive Neuro-Fuzzy Inference System),17,17,"{""learning_rate"": 0.01, ""max_train_samples"": 300, ""n_epochs"": 10, ""n_membership_functions"": 2, ""pca_components"": 6}",0.3191869999973278,0.88,0.7744,0.88,0.8238297872340425,0.8827865831183193,0.7793121513337171,0.8827865831183193,0.8278284520627935,0.8831551787688905,0.7799630697863109,0.8831551787688905,0.8283577249286599
bank_marketing,ANFIS (Adaptive Neuro-Fuzzy Inference System),17,17,"{""learning_rate"": 0.01, ""max_train_samples"": 300, ""n_epochs"": 25, ""n_membership_functions"": 2, ""pca_components"": 6}",0.5002075000011246,0.88,0.7744,0.88,0.8238297872340425,0.8827865831183193,0.7793121513337171,0.8827865831183193,0.8278284520627935,0.8831551787688905,0.7799630697863109,0.8831551787688905,0.8283577249286599
bank_marketing,ANFIS (Adaptive Neuro-Fuzzy Inference System),17,17,"{""learning_rate"": 0.05, ""max_train_samples"": 300, ""n_epochs"": 25, ""n_membership_functions"": 2, ""pca_components"": 6}",0.49523150000095484,0.88,0.7744,0.88,0.8238297872340425,0.8827865831183193,0.7793121513337171,0.8827865831183193,0.8278284520627935,0.8831551787688905,0.7799630697863109,0.8831551787688905,0.8283577249286599
bank_marketing,ANFIS (Adaptive Neuro-Fuzzy Inference System),17,17,"{""learning_rate"": 0.01, ""max_train_samples"": 300, ""n_epochs"": 10, ""n_membership_functions"": 3, ""pca_components"": 6}",0.41873219999979483,0.88,0.7744,0.88,0.8238297872340425,0.8827865831183193,0.7793121513337171,0.8827865831183193,0.8278284520627935,0.8831551787688905,0.7799630697863109,0.8831551787688905,0.8283577249286599
bank_marketing,ANFIS (Adaptive Neuro-Fuzzy Inference System),17,17,"{""learning_rate"": 0.01, ""max_train_samples"": 300, ""n_epochs"": 25, ""n_membership_functions"": 2, ""pca_components"": 8}",0.6460052000002179,0.88,0.7744,0.88,0.8238297872340425,0.8827865831183193,0.7793121513337171,0.8827865831183193,0.8278284520627935,0.8831551787688905,0.7799630697863109,0.8831551787688905,0.8283577249286599
bank_marketing,ANFIS (Adaptive Neuro-Fuzzy Inference System),18,18,"{""learning_rate"": 0.01, ""max_train_samples"": 300, ""n_epochs"": 10, ""n_membership_functions"": 2, ""pca_components"": 6}",0.3121683999997913,0.9133333333333333,0.8341777777777778,0.9133333333333333,0.8719628339140534,0.8827865831183193,0.7793121513337171,0.8827865831183193,0.8278284520627935,0.8831551787688905,0.7799630697863109,0.8831551787688905,0.8283577249286599
bank_marketing,ANFIS (Adaptive Neuro-Fuzzy Inference System),18,18,"{""learning_rate"": 0.01, ""max_train_samples"": 300, ""n_epochs"": 25, ""n_membership_functions"": 2, ""pca_components"": 6}",0.4937242999985756,0.9133333333333333,0.8341777777777778,0.9133333333333333,0.8719628339140534,0.8827865831183193,0.7793121513337171,0.8827865831183193,0.8278284520627935,0.8831551787688905,0.7799630697863109,0.8831551787688905,0.8283577249286599
bank_marketing,ANFIS (Adaptive Neuro-Fuzzy Inference System),18,18,"{""learning_rate"": 0.05, ""max_train_samples"": 300, ""n_epochs"": 25, ""n_membership_functions"": 2, ""pca_components"": 6}",0.48893820000012056,0.9133333333333333,0.8341777777777778,0.9133333333333333,0.8719628339140534,0.8827865831183193,0.7793121513337171,0.8827865831183193,0.8278284520627935,0.8831551787688905,0.7799630697863109,0.8831551787688905,0.8283577249286599
bank_marketing,ANFIS (Adaptive Neuro-Fuzzy Inference System),18,18,"{""learning_rate"": 0.01, ""max_train_samples"": 300, ""n_epochs"": 10, ""n_membership_functions"": 3, ""pca_components"": 6}",0.40477760000067065,0.9133333333333333,0.8341777777777778,0.9133333333333333,0.8719628339140534,0.8827865831183193,0.7793121513337171,0.8827865831183193,0.8278284520627935,0.8831551787688905,0.7799630697863109,0.8831551787688905,0.8283577249286599
bank_marketing,ANFIS (Adaptive Neuro-Fuzzy Inference System),18,18,"{""learning_rate"": 0.01, ""max_train_samples"": 300, ""n_epochs"": 25, ""n_membership_functions"": 2, ""pca_components"": 8}",0.654736899999989,0.9133333333333333,0.8341777777777778,0.9133333333333333,0.8719628339140534,0.8827865831183193,0.7793121513337171,0.8827865831183193,0.8278284520627935,0.8831551787688905,0.7799630697863109,0.8831551787688905,0.8283577249286599
bank_marketing,ANFIS (Adaptive Neuro-Fuzzy Inference System),19,19,"{""learning_rate"": 0.01, ""max_train_samples"": 300, ""n_epochs"": 10, ""n_membership_functions"": 2, ""pca_components"": 6}",0.31424889999834704,0.88,0.7744,0.88,0.8238297872340425,0.8827865831183193,0.7793121513337171,0.8827865831183193,0.8278284520627935,0.8831551787688905,0.7799630697863109,0.8831551787688905,0.8283577249286599
bank_marketing,ANFIS (Adaptive Neuro-Fuzzy Inference System),19,19,"{""learning_rate"": 0.01, ""max_train_samples"": 300, ""n_epochs"": 25, ""n_membership_functions"": 2, ""pca_components"": 6}",0.5066624999999476,0.88,0.7744,0.88,0.8238297872340425,0.8827865831183193,0.7793121513337171,0.8827865831183193,0.8278284520627935,0.8831551787688905,0.7799630697863109,0.8831551787688905,0.8283577249286599
bank_marketing,ANFIS (Adaptive Neuro-Fuzzy Inference System),19,19,"{""learning_rate"": 0.05, ""max_train_samples"": 300, ""n_epochs"": 25, ""n_membership_functions"": 2, ""pca_components"": 6}",0.49850529999821447,0.88,0.7744,0.88,0.8238297872340425,0.8827865831183193,0.7793121513337171,0.8827865831183193,0.8278284520627935,0.8831551787688905,0.7799630697863109,0.8831551787688905,0.8283577249286599
bank_marketing,ANFIS (Adaptive Neuro-Fuzzy Inference System),19,19,"{""learning_rate"": 0.01, ""max_train_samples"": 300, ""n_epochs"": 10, ""n_membership_functions"": 3, ""pca_components"": 6}",0.42511519999970915,0.88,0.7744,0.88,0.8238297872340425,0.8827865831183193,0.7793121513337171,0.8827865831183193,0.8278284520627935,0.8831551787688905,0.7799630697863109,0.8831551787688905,0.8283577249286599
bank_marketing,ANFIS (Adaptive Neuro-Fuzzy Inference System),19,19,"{""learning_rate"": 0.01, ""max_train_samples"": 300, ""n_epochs"": 25, ""n_membership_functions"": 2, ""pca_components"": 8}",0.6580849999991187,0.88,0.7744,0.88,0.8238297872340425,0.8827865831183193,0.7793121513337171,0.8827865831183193,0.8278284520627935,0.8831551787688905,0.7799630697863109,0.8831551787688905,0.8283577249286599
bank_marketing,ANFIS (Adaptive Neuro-Fuzzy Inference System),20,20,"{""learning_rate"": 0.01, ""max_train_samples"": 300, ""n_epochs"": 10, ""n_membership_functions"": 2, ""pca_components"": 6}",0.31379369999922346,0.9033333333333333,0.8160111111111111,0.9033333333333333,0.857454757734968,0.8827865831183193,0.7793121513337171,0.8827865831183193,0.8278284520627935,0.8831551787688905,0.7799630697863109,0.8831551787688905,0.8283577249286599
bank_marketing,ANFIS (Adaptive Neuro-Fuzzy Inference System),20,20,"{""learning_rate"": 0.01, ""max_train_samples"": 300, ""n_epochs"": 25, ""n_membership_functions"": 2, ""pca_components"": 6}",0.49487390000285814,0.9033333333333333,0.8160111111111111,0.9033333333333333,0.857454757734968,0.8827865831183193,0.7793121513337171,0.8827865831183193,0.8278284520627935,0.8831551787688905,0.7799630697863109,0.8831551787688905,0.8283577249286599
bank_marketing,ANFIS (Adaptive Neuro-Fuzzy Inference System),20,20,"{""learning_rate"": 0.05, ""max_train_samples"": 300, ""n_epochs"": 25, ""n_membership_functions"": 2, ""pca_components"": 6}",0.4929822000012791,0.9033333333333333,0.8160111111111111,0.9033333333333333,0.857454757734968,0.8827865831183193,0.7793121513337171,0.8827865831183193,0.8278284520627935,0.8831551787688905,0.7799630697863109,0.8831551787688905,0.8283577249286599
bank_marketing,ANFIS (Adaptive Neuro-Fuzzy Inference System),20,20,"{""learning_rate"": 0.01, ""max_train_samples"": 300, ""n_epochs"": 10, ""n_membership_functions"": 3, ""pca_components"": 6}",0.41050280000126804,0.9033333333333333,0.8160111111111111,0.9033333333333333,0.857454757734968,0.8827865831183193,0.7793121513337171,0.8827865831183193,0.8278284520627935,0.8831551787688905,0.7799630697863109,0.8831551787688905,0.8283577249286599
bank_marketing,ANFIS (Adaptive Neuro-Fuzzy Inference System),20,20,"{""learning_rate"": 0.01, ""max_train_samples"": 300, ""n_epochs"": 25, ""n_membership_functions"": 2, ""pca_components"": 8}",0.647163300000102,0.9033333333333333,0.8160111111111111,0.9033333333333333,0.857454757734968,0.8827865831183193,0.7793121513337171,0.8827865831183193,0.8278284520627935,0.8831551787688905,0.7799630697863109,0.8831551787688905,0.8283577249286599
bank_marketing,ANFIS (Adaptive Neuro-Fuzzy Inference System),21,21,"{""learning_rate"": 0.01, ""max_train_samples"": 300, ""n_epochs"": 10, ""n_membership_functions"": 2, ""pca_components"": 6}",0.3178411999979289,0.9033333333333333,0.8160111111111111,0.9033333333333333,0.857454757734968,0.8827865831183193,0.7793121513337171,0.8827865831183193,0.8278284520627935,0.8831551787688905,0.7799630697863109,0.8831551787688905,0.8283577249286599
bank_marketing,ANFIS (Adaptive Neuro-Fuzzy Inference System),21,21,"{""learning_rate"": 0.01, ""max_train_samples"": 300, ""n_epochs"": 25, ""n_membership_functions"": 2, ""pca_components"": 6}",0.4984504999993078,0.9033333333333333,0.8160111111111111,0.9033333333333333,0.857454757734968,0.8827865831183193,0.7793121513337171,0.8827865831183193,0.8278284520627935,0.8831551787688905,0.7799630697863109,0.8831551787688905,0.8283577249286599
bank_marketing,ANFIS (Adaptive Neuro-Fuzzy Inference System),21,21,"{""learning_rate"": 0.05, ""max_train_samples"": 300, ""n_epochs"": 25, ""n_membership_functions"": 2, ""pca_components"": 6}",0.49175280000054045,0.9033333333333333,0.8160111111111111,0.9033333333333333,0.857454757734968,0.8827865831183193,0.7793121513337171,0.8827865831183193,0.8278284520627935,0.8831551787688905,0.7799630697863109,0.8831551787688905,0.8283577249286599
bank_marketing,ANFIS (Adaptive Neuro-Fuzzy Inference System),21,21,"{""learning_rate"": 0.01, ""max_train_samples"": 300, ""n_epochs"": 10, ""n_membership_functions"": 3, ""pca_components"": 6}",0.41173690000141505,0.9033333333333333,0.8160111111111111,0.9033333333333333,0.857454757734968,0.8827865831183193,0.7793121513337171,0.8827865831183193,0.8278284520627935,0.8831551787688905,0.7799630697863109,0.8831551787688905,0.8283577249286599
bank_marketing,ANFIS (Adaptive Neuro-Fuzzy Inference System),21,21,"{""learning_rate"": 0.01, ""max_train_samples"": 300, ""n_epochs"": 25, ""n_membership_functions"": 2, ""pca_components"": 8}",0.6471502000022156,0.9033333333333333,0.8160111111111111,0.9033333333333333,0.857454757734968,0.8827865831183193,0.7793121513337171,0.8827865831183193,0.8278284520627935,0.8831551787688905,0.7799630697863109,0.8831551787688905,0.8283577249286599
heart_disease,ANFIS (Adaptive Neuro-Fuzzy Inference System),1,1,"{""learning_rate"": 0.01, ""max_train_samples"": 300, ""n_epochs"": 10, ""n_membership_functions"": 2, ""pca_components"": 6}",0.1046463999991829,0.5414364640883977,0.29315344464454685,0.5414364640883977,0.38036396760331886,0.5409836065573771,0.2926632625638269,0.5409836065573771,0.37983955354028603,0.5409836065573771,0.2926632625638269,0.5409836065573771,0.37983955354028603
heart_disease,ANFIS (Adaptive Neuro-Fuzzy Inference System),1,1,"{""learning_rate"": 0.01, ""max_train_samples"": 300, ""n_epochs"": 25, ""n_membership_functions"": 2, ""pca_components"": 6}",0.21048069999960717,0.5414364640883977,0.29315344464454685,0.5414364640883977,0.38036396760331886,0.5409836065573771,0.2926632625638269,0.5409836065573771,0.37983955354028603,0.5409836065573771,0.2926632625638269,0.5409836065573771,0.37983955354028603
heart_disease,ANFIS (Adaptive Neuro-Fuzzy Inference System),1,1,"{""learning_rate"": 0.05, ""max_train_samples"": 300, ""n_epochs"": 25, ""n_membership_functions"": 2, ""pca_components"": 6}",0.20986049999919487,0.5414364640883977,0.29315344464454685,0.5414364640883977,0.38036396760331886,0.5409836065573771,0.2926632625638269,0.5409836065573771,0.37983955354028603,0.5409836065573771,0.2926632625638269,0.5409836065573771,0.37983955354028603
heart_disease,ANFIS (Adaptive Neuro-Fuzzy Inference System),1,1,"{""learning_rate"": 0.01, ""max_train_samples"": 300, ""n_epochs"": 10, ""n_membership_functions"": 3, ""pca_components"": 6}",0.12482420000014827,0.5414364640883977,0.29315344464454685,0.5414364640883977,0.38036396760331886,0.5409836065573771,0.2926632625638269,0.5409836065573771,0.37983955354028603,0.5409836065573771,0.2926632625638269,0.5409836065573771,0.37983955354028603
heart_disease,ANFIS (Adaptive Neuro-Fuzzy Inference System),1,1,"{""learning_rate"": 0.01, ""max_train_samples"": 300, ""n_epochs"": 25, ""n_membership_functions"": 2, ""pca_components"": 8}",0.26398210000115796,0.5414364640883977,0.29315344464454685,0.5414364640883977,0.38036396760331886,0.5409836065573771,0.2926632625638269,0.5409836065573771,0.37983955354028603,0.5409836065573771,0.2926632625638269,0.5409836065573771,0.37983955354028603
heart_disease,ANFIS (Adaptive Neuro-Fuzzy Inference System),2,2,"{""learning_rate"": 0.01, ""max_train_samples"": 300, ""n_epochs"": 10, ""n_membership_functions"": 2, ""pca_components"": 6}",0.0979178999987198,0.5414364640883977,0.29315344464454685,0.5414364640883977,0.38036396760331886,0.5409836065573771,0.2926632625638269,0.5409836065573771,0.37983955354028603,0.5409836065573771,0.2926632625638269,0.5409836065573771,0.37983955354028603
heart_disease,ANFIS (Adaptive Neuro-Fuzzy Inference System),2,2,"{""learning_rate"": 0.01, ""max_train_samples"": 300, ""n_epochs"": 25, ""n_membership_functions"": 2, ""pca_components"": 6}",0.2094321000004129,0.5414364640883977,0.29315344464454685,0.5414364640883977,0.38036396760331886,0.5409836065573771,0.2926632625638269,0.5409836065573771,0.37983955354028603,0.5409836065573771,0.2926632625638269,0.5409836065573771,0.37983955354028603
heart_disease,ANFIS (Adaptive Neuro-Fuzzy Inference System),2,2,"{""learning_rate"": 0.05, ""max_train_samples"": 300, ""n_epochs"": 25, ""n_membership_functions"": 2, ""pca_components"": 6}",0.2059281000001647,0.5414364640883977,0.29315344464454685,0.5414364640883977,0.38036396760331886,0.5409836065573771,0.2926632625638269,0.5409836065573771,0.37983955354028603,0.5409836065573771,0.2926632625638269,0.5409836065573771,0.37983955354028603
heart_disease,ANFIS (Adaptive Neuro-Fuzzy Inference System),2,2,"{""learning_rate"": 0.01, ""max_train_samples"": 300, ""n_epochs"": 10, ""n_membership_functions"": 3, ""pca_components"": 6}",0.12317950000215205,0.5414364640883977,0.29315344464454685,0.5414364640883977,0.38036396760331886,0.5409836065573771,0.2926632625638269,0.5409836065573771,0.37983955354028603,0.5409836065573771,0.2926632625638269,0.5409836065573771,0.37983955354028603
heart_disease,ANFIS (Adaptive Neuro-Fuzzy Inference System),2,2,"{""learning_rate"": 0.01, ""max_train_samples"": 300, ""n_epochs"": 25, ""n_membership_functions"": 2, ""pca_components"": 8}",0.2673316000000341,0.5414364640883977,0.29315344464454685,0.5414364640883977,0.38036396760331886,0.5409836065573771,0.2926632625638269,0.5409836065573771,0.37983955354028603,0.5409836065573771,0.2926632625638269,0.5409836065573771,0.37983955354028603
heart_disease,ANFIS (Adaptive Neuro-Fuzzy Inference System),3,3,"{""learning_rate"": 0.01, ""max_train_samples"": 300, ""n_epochs"": 10, ""n_membership_functions"": 2, ""pca_components"": 6}",0.09657860000152141,0.5414364640883977,0.29315344464454685,0.5414364640883977,0.38036396760331886,0.5409836065573771,0.2926632625638269,0.5409836065573771,0.37983955354028603,0.5409836065573771,0.2926632625638269,0.5409836065573771,0.37983955354028603
heart_disease,ANFIS (Adaptive Neuro-Fuzzy Inference System),3,3,"{""learning_rate"": 0.01, ""max_train_samples"": 300, ""n_epochs"": 25, ""n_membership_functions"": 2, ""pca_components"": 6}",0.20426079999742797,0.5414364640883977,0.29315344464454685,0.5414364640883977,0.38036396760331886,0.5409836065573771,0.2926632625638269,0.5409836065573771,0.37983955354028603,0.5409836065573771,0.2926632625638269,0.5409836065573771,0.37983955354028603
heart_disease,ANFIS (Adaptive Neuro-Fuzzy Inference System),3,3,"{""learning_rate"": 0.05, ""max_train_samples"": 300, ""n_epochs"": 25, ""n_membership_functions"": 2, ""pca_components"": 6}",0.20627909999893745,0.5414364640883977,0.29315344464454685,0.5414364640883977,0.38036396760331886,0.5409836065573771,0.2926632625638269,0.5409836065573771,0.37983955354028603,0.5409836065573771,0.2926632625638269,0.5409836065573771,0.37983955354028603
heart_disease,ANFIS (Adaptive Neuro-Fuzzy Inference System),3,3,"{""learning_rate"": 0.01, ""max_train_samples"": 300, ""n_epochs"": 10, ""n_membership_functions"": 3, ""pca_components"": 6}",0.12266730000192183,0.5414364640883977,0.29315344464454685,0.5414364640883977,0.38036396760331886,0.5409836065573771,0.2926632625638269,0.5409836065573771,0.37983955354028603,0.5409836065573771,0.2926632625638269,0.5409836065573771,0.37983955354028603
heart_disease,ANFIS (Adaptive Neuro-Fuzzy Inference System),3,3,"{""learning_rate"": 0.01, ""max_train_samples"": 300, ""n_epochs"": 25, ""n_membership_functions"": 2, ""pca_components"": 8}",0.26874060000045574,0.5414364640883977,0.29315344464454685,0.5414364640883977,0.38036396760331886,0.5409836065573771,0.2926632625638269,0.5409836065573771,0.37983955354028603,0.5409836065573771,0.2926632625638269,0.5409836065573771,0.37983955354028603
heart_disease,ANFIS (Adaptive Neuro-Fuzzy Inference System),4,4,"{""learning_rate"": 0.01, ""max_train_samples"": 300, ""n_epochs"": 10, ""n_membership_functions"": 2, ""pca_components"": 6}",0.10257189999902039,0.5414364640883977,0.29315344464454685,0.5414364640883977,0.38036396760331886,0.5409836065573771,0.2926632625638269,0.5409836065573771,0.37983955354028603,0.5409836065573771,0.2926632625638269,0.5409836065573771,0.37983955354028603
heart_disease,ANFIS (Adaptive Neuro-Fuzzy Inference System),4,4,"{""learning_rate"": 0.01, ""max_train_samples"": 300, ""n_epochs"": 25, ""n_membership_functions"": 2, ""pca_components"": 6}",0.2071990000004007,0.5414364640883977,0.29315344464454685,0.5414364640883977,0.38036396760331886,0.5409836065573771,0.2926632625638269,0.5409836065573771,0.37983955354028603,0.5409836065573771,0.2926632625638269,0.5409836065573771,0.37983955354028603
heart_disease,ANFIS (Adaptive Neuro-Fuzzy Inference System),4,4,"{""learning_rate"": 0.05, ""max_train_samples"": 300, ""n_epochs"": 25, ""n_membership_functions"": 2, ""pca_components"": 6}",0.2053552999968815,0.5414364640883977,0.29315344464454685,0.5414364640883977,0.38036396760331886,0.5409836065573771,0.2926632625638269,0.5409836065573771,0.37983955354028603,0.5409836065573771,0.2926632625638269,0.5409836065573771,0.37983955354028603
heart_disease,ANFIS (Adaptive Neuro-Fuzzy Inference System),4,4,"{""learning_rate"": 0.01, ""max_train_samples"": 300, ""n_epochs"": 10, ""n_membership_functions"": 3, ""pca_components"": 6}",0.12396280000029947,0.5414364640883977,0.29315344464454685,0.5414364640883977,0.38036396760331886,0.5409836065573771,0.2926632625638269,0.5409836065573771,0.37983955354028603,0.5409836065573771,0.2926632625638269,0.5409836065573771,0.37983955354028603
heart_disease,ANFIS (Adaptive Neuro-Fuzzy Inference System),4,4,"{""learning_rate"": 0.01, ""max_train_samples"": 300, ""n_epochs"": 25, ""n_membership_functions"": 2, ""pca_components"": 8}",0.26531469999827095,0.5414364640883977,0.29315344464454685,0.5414364640883977,0.38036396760331886,0.5409836065573771,0.2926632625638269,0.5409836065573771,0.37983955354028603,0.5409836065573771,0.2926632625638269,0.5409836065573771,0.37983955354028603
heart_disease,ANFIS (Adaptive Neuro-Fuzzy Inference System),5,5,"{""learning_rate"": 0.01, ""max_train_samples"": 300, ""n_epochs"": 10, ""n_membership_functions"": 2, ""pca_components"": 6}",0.10085359999720822,0.5414364640883977,0.29315344464454685,0.5414364640883977,0.38036396760331886,0.5409836065573771,0.2926632625638269,0.5409836065573771,0.37983955354028603,0.5409836065573771,0.2926632625638269,0.5409836065573771,0.37983955354028603
heart_disease,ANFIS (Adaptive Neuro-Fuzzy Inference System),5,5,"{""learning_rate"": 0.01, ""max_train_samples"": 300, ""n_epochs"": 25, ""n_membership_functions"": 2, ""pca_components"": 6}",0.20696969999698922,0.5414364640883977,0.29315344464454685,0.5414364640883977,0.38036396760331886,0.5409836065573771,0.2926632625638269,0.5409836065573771,0.37983955354028603,0.5409836065573771,0.2926632625638269,0.5409836065573771,0.37983955354028603
heart_disease,ANFIS (Adaptive Neuro-Fuzzy Inference System),5,5,"{""learning_rate"": 0.05, ""max_train_samples"": 300, ""n_epochs"": 25, ""n_membership_functions"": 2, ""pca_components"": 6}",0.20878949999678298,0.5414364640883977,0.29315344464454685,0.5414364640883977,0.38036396760331886,0.5409836065573771,0.2926632625638269,0.5409836065573771,0.37983955354028603,0.5409836065573771,0.2926632625638269,0.5409836065573771,0.37983955354028603
heart_disease,ANFIS (Adaptive Neuro-Fuzzy Inference System),5,5,"{""learning_rate"": 0.01, ""max_train_samples"": 300, ""n_epochs"": 10, ""n_membership_functions"": 3, ""pca_components"": 6}",0.12288229999830946,0.5414364640883977,0.29315344464454685,0.5414364640883977,0.38036396760331886,0.5409836065573771,0.2926632625638269,0.5409836065573771,0.37983955354028603,0.5409836065573771,0.2926632625638269,0.5409836065573771,0.37983955354028603
heart_disease,ANFIS (Adaptive Neuro-Fuzzy Inference System),5,5,"{""learning_rate"": 0.01, ""max_train_samples"": 300, ""n_epochs"": 25, ""n_membership_functions"": 2, ""pca_components"": 8}",0.2692511999994167,0.5414364640883977,0.29315344464454685,0.5414364640883977,0.38036396760331886,0.5409836065573771,0.2926632625638269,0.5409836065573771,0.37983955354028603,0.5409836065573771,0.2926632625638269,0.5409836065573771,0.37983955354028603
heart_disease,ANFIS (Adaptive Neuro-Fuzzy Inference System),6,6,"{""learning_rate"": 0.01, ""max_train_samples"": 300, ""n_epochs"": 10, ""n_membership_functions"": 2, ""pca_components"": 6}",0.09568230000149924,0.5414364640883977,0.29315344464454685,0.5414364640883977,0.38036396760331886,0.5409836065573771,0.2926632625638269,0.5409836065573771,0.37983955354028603,0.5409836065573771,0.2926632625638269,0.5409836065573771,0.37983955354028603
heart_disease,ANFIS (Adaptive Neuro-Fuzzy Inference System),6,6,"{""learning_rate"": 0.01, ""max_train_samples"": 300, ""n_epochs"": 25, ""n_membership_functions"": 2, ""pca_components"": 6}",0.20561430000088876,0.5414364640883977,0.29315344464454685,0.5414364640883977,0.38036396760331886,0.5409836065573771,0.2926632625638269,0.5409836065573771,0.37983955354028603,0.5409836065573771,0.2926632625638269,0.5409836065573771,0.37983955354028603
heart_disease,ANFIS (Adaptive Neuro-Fuzzy Inference System),6,6,"{""learning_rate"": 0.05, ""max_train_samples"": 300, ""n_epochs"": 25, ""n_membership_functions"": 2, ""pca_components"": 6}",0.2083887999979197,0.5414364640883977,0.29315344464454685,0.5414364640883977,0.38036396760331886,0.5409836065573771,0.2926632625638269,0.5409836065573771,0.37983955354028603,0.5409836065573771,0.2926632625638269,0.5409836065573771,0.37983955354028603
heart_disease,ANFIS (Adaptive Neuro-Fuzzy Inference System),6,6,"{""learning_rate"": 0.01, ""max_train_samples"": 300, ""n_epochs"": 10, ""n_membership_functions"": 3, ""pca_components"": 6}",0.12445609999849694,0.5414364640883977,0.29315344464454685,0.5414364640883977,0.38036396760331886,0.5409836065573771,0.2926632625638269,0.5409836065573771,0.37983955354028603,0.5409836065573771,0.2926632625638269,0.5409836065573771,0.37983955354028603
heart_disease,ANFIS (Adaptive Neuro-Fuzzy Inference System),6,6,"{""learning_rate"": 0.01, ""max_train_samples"": 300, ""n_epochs"": 25, ""n_membership_functions"": 2, ""pca_components"": 8}",0.26598379999995814,0.5414364640883977,0.29315344464454685,0.5414364640883977,0.38036396760331886,0.5409836065573771,0.2926632625638269,0.5409836065573771,0.37983955354028603,0.5409836065573771,0.2926632625638269,0.5409836065573771,0.37983955354028603
heart_disease,ANFIS (Adaptive Neuro-Fuzzy Inference System),7,7,"{""learning_rate"": 0.01, ""max_train_samples"": 300, ""n_epochs"": 10, ""n_membership_functions"": 2, ""pca_components"": 6}",0.09855869999955758,0.5414364640883977,0.29315344464454685,0.5414364640883977,0.38036396760331886,0.5409836065573771,0.2926632625638269,0.5409836065573771,0.37983955354028603,0.5409836065573771,0.2926632625638269,0.5409836065573771,0.37983955354028603
heart_disease,ANFIS (Adaptive Neuro-Fuzzy Inference System),7,7,"{""learning_rate"": 0.01, ""max_train_samples"": 300, ""n_epochs"": 25, ""n_membership_functions"": 2, ""pca_components"": 6}",0.20413950000147452,0.5414364640883977,0.29315344464454685,0.5414364640883977,0.38036396760331886,0.5409836065573771,0.2926632625638269,0.5409836065573771,0.37983955354028603,0.5409836065573771,0.2926632625638269,0.5409836065573771,0.37983955354028603
heart_disease,ANFIS (Adaptive Neuro-Fuzzy Inference System),7,7,"{""learning_rate"": 0.05, ""max_train_samples"": 300, ""n_epochs"": 25, ""n_membership_functions"": 2, ""pca_components"": 6}",0.20385330000135582,0.5414364640883977,0.29315344464454685,0.5414364640883977,0.38036396760331886,0.5409836065573771,0.2926632625638269,0.5409836065573771,0.37983955354028603,0.5409836065573771,0.2926632625638269,0.5409836065573771,0.37983955354028603
heart_disease,ANFIS (Adaptive Neuro-Fuzzy Inference System),7,7,"{""learning_rate"": 0.01, ""max_train_samples"": 300, ""n_epochs"": 10, ""n_membership_functions"": 3, ""pca_components"": 6}",0.12348990000100457,0.5414364640883977,0.29315344464454685,0.5414364640883977,0.38036396760331886,0.5409836065573771,0.2926632625638269,0.5409836065573771,0.37983955354028603,0.5409836065573771,0.2926632625638269,0.5409836065573771,0.37983955354028603
heart_disease,ANFIS (Adaptive Neuro-Fuzzy Inference System),7,7,"{""learning_rate"": 0.01, ""max_train_samples"": 300, ""n_epochs"": 25, ""n_membership_functions"": 2, ""pca_components"": 8}",0.26475919999938924,0.5414364640883977,0.29315344464454685,0.5414364640883977,0.38036396760331886,0.5409836065573771,0.2926632625638269,0.5409836065573771,0.37983955354028603,0.5409836065573771,0.2926632625638269,0.5409836065573771,0.37983955354028603
heart_disease,ANFIS (Adaptive Neuro-Fuzzy Inference System),8,8,"{""learning_rate"": 0.01, ""max_train_samples"": 300, ""n_epochs"": 10, ""n_membership_functions"": 2, ""pca_components"": 6}",0.09648409999863361,0.5414364640883977,0.29315344464454685,0.5414364640883977,0.38036396760331886,0.5409836065573771,0.2926632625638269,0.5409836065573771,0.37983955354028603,0.5409836065573771,0.2926632625638269,0.5409836065573771,0.37983955354028603
heart_disease,ANFIS (Adaptive Neuro-Fuzzy Inference System),8,8,"{""learning_rate"": 0.01, ""max_train_samples"": 300, ""n_epochs"": 25, ""n_membership_functions"": 2, ""pca_components"": 6}",0.20606279999992694,0.5414364640883977,0.29315344464454685,0.5414364640883977,0.38036396760331886,0.5409836065573771,0.2926632625638269,0.5409836065573771,0.37983955354028603,0.5409836065573771,0.2926632625638269,0.5409836065573771,0.37983955354028603
heart_disease,ANFIS (Adaptive Neuro-Fuzzy Inference System),8,8,"{""learning_rate"": 0.05, ""max_train_samples"": 300, ""n_epochs"": 25, ""n_membership_functions"": 2, ""pca_components"": 6}",0.20542760000171256,0.5414364640883977,0.29315344464454685,0.5414364640883977,0.38036396760331886,0.5409836065573771,0.2926632625638269,0.5409836065573771,0.37983955354028603,0.5409836065573771,0.2926632625638269,0.5409836065573771,0.37983955354028603
heart_disease,ANFIS (Adaptive Neuro-Fuzzy Inference System),8,8,"{""learning_rate"": 0.01, ""max_train_samples"": 300, ""n_epochs"": 10, ""n_membership_functions"": 3, ""pca_components"": 6}",0.12493969999923138,0.5414364640883977,0.29315344464454685,0.5414364640883977,0.38036396760331886,0.5409836065573771,0.2926632625638269,0.5409836065573771,0.37983955354028603,0.5409836065573771,0.2926632625638269,0.5409836065573771,0.37983955354028603
heart_disease,ANFIS (Adaptive Neuro-Fuzzy Inference System),8,8,"{""learning_rate"": 0.01, ""max_train_samples"": 300, ""n_epochs"": 25, ""n_membership_functions"": 2, ""pca_components"": 8}",0.2665511000013794,0.5414364640883977,0.29315344464454685,0.5414364640883977,0.38036396760331886,0.5409836065573771,0.2926632625638269,0.5409836065573771,0.37983955354028603,0.5409836065573771,0.2926632625638269,0.5409836065573771,0.37983955354028603
heart_disease,ANFIS (Adaptive Neuro-Fuzzy Inference System),9,9,"{""learning_rate"": 0.01, ""max_train_samples"": 300, ""n_epochs"": 10, ""n_membership_functions"": 2, ""pca_components"": 6}",0.09872729999915464,0.5414364640883977,0.29315344464454685,0.5414364640883977,0.38036396760331886,0.5409836065573771,0.2926632625638269,0.5409836065573771,0.37983955354028603,0.5409836065573771,0.2926632625638269,0.5409836065573771,0.37983955354028603
heart_disease,ANFIS (Adaptive Neuro-Fuzzy Inference System),9,9,"{""learning_rate"": 0.01, ""max_train_samples"": 300, ""n_epochs"": 25, ""n_membership_functions"": 2, ""pca_components"": 6}",0.20558320000054664,0.5414364640883977,0.29315344464454685,0.5414364640883977,0.38036396760331886,0.5409836065573771,0.2926632625638269,0.5409836065573771,0.37983955354028603,0.5409836065573771,0.2926632625638269,0.5409836065573771,0.37983955354028603
heart_disease,ANFIS (Adaptive Neuro-Fuzzy Inference System),9,9,"{""learning_rate"": 0.05, ""max_train_samples"": 300, ""n_epochs"": 25, ""n_membership_functions"": 2, ""pca_components"": 6}",0.2081622999976389,0.5414364640883977,0.29315344464454685,0.5414364640883977,0.38036396760331886,0.5409836065573771,0.2926632625638269,0.5409836065573771,0.37983955354028603,0.5409836065573771,0.2926632625638269,0.5409836065573771,0.37983955354028603
heart_disease,ANFIS (Adaptive Neuro-Fuzzy Inference System),9,9,"{""learning_rate"": 0.01, ""max_train_samples"": 300, ""n_epochs"": 10, ""n_membership_functions"": 3, ""pca_components"": 6}",0.12126640000133193,0.5414364640883977,0.29315344464454685,0.5414364640883977,0.38036396760331886,0.5409836065573771,0.2926632625638269,0.5409836065573771,0.37983955354028603,0.5409836065573771,0.2926632625638269,0.5409836065573771,0.37983955354028603
heart_disease,ANFIS (Adaptive Neuro-Fuzzy Inference System),9,9,"{""learning_rate"": 0.01, ""max_train_samples"": 300, ""n_epochs"": 25, ""n_membership_functions"": 2, ""pca_components"": 8}",0.2689605000014126,0.5414364640883977,0.29315344464454685,0.5414364640883977,0.38036396760331886,0.5409836065573771,0.2926632625638269,0.5409836065573771,0.37983955354028603,0.5409836065573771,0.2926632625638269,0.5409836065573771,0.37983955354028603
heart_disease,ANFIS (Adaptive Neuro-Fuzzy Inference System),10,10,"{""learning_rate"": 0.01, ""max_train_samples"": 300, ""n_epochs"": 10, ""n_membership_functions"": 2, ""pca_components"": 6}",0.101788599997235,0.5414364640883977,0.29315344464454685,0.5414364640883977,0.38036396760331886,0.5409836065573771,0.2926632625638269,0.5409836065573771,0.37983955354028603,0.5409836065573771,0.2926632625638269,0.5409836065573771,0.37983955354028603
heart_disease,ANFIS (Adaptive Neuro-Fuzzy Inference System),10,10,"{""learning_rate"": 0.01, ""max_train_samples"": 300, ""n_epochs"": 25, ""n_membership_functions"": 2, ""pca_components"": 6}",0.20387160000245785,0.5414364640883977,0.29315344464454685,0.5414364640883977,0.38036396760331886,0.5409836065573771,0.2926632625638269,0.5409836065573771,0.37983955354028603,0.5409836065573771,0.2926632625638269,0.5409836065573771,0.37983955354028603
heart_disease,ANFIS (Adaptive Neuro-Fuzzy Inference System),10,10,"{""learning_rate"": 0.05, ""max_train_samples"": 300, ""n_epochs"": 25, ""n_membership_functions"": 2, ""pca_components"": 6}",0.20915679999961867,0.5414364640883977,0.29315344464454685,0.5414364640883977,0.38036396760331886,0.5409836065573771,0.2926632625638269,0.5409836065573771,0.37983955354028603,0.5409836065573771,0.2926632625638269,0.5409836065573771,0.37983955354028603
heart_disease,ANFIS (Adaptive Neuro-Fuzzy Inference System),10,10,"{""learning_rate"": 0.01, ""max_train_samples"": 300, ""n_epochs"": 10, ""n_membership_functions"": 3, ""pca_components"": 6}",0.12235689999943133,0.5414364640883977,0.29315344464454685,0.5414364640883977,0.38036396760331886,0.5409836065573771,0.2926632625638269,0.5409836065573771,0.37983955354028603,0.5409836065573771,0.2926632625638269,0.5409836065573771,0.37983955354028603
heart_disease,ANFIS (Adaptive Neuro-Fuzzy Inference System),10,10,"{""learning_rate"": 0.01, ""max_train_samples"": 300, ""n_epochs"": 25, ""n_membership_functions"": 2, ""pca_components"": 8}",0.2693074999988312,0.5414364640883977,0.29315344464454685,0.5414364640883977,0.38036396760331886,0.5409836065573771,0.2926632625638269,0.5409836065573771,0.37983955354028603,0.5409836065573771,0.2926632625638269,0.5409836065573771,0.37983955354028603
heart_disease,ANFIS (Adaptive Neuro-Fuzzy Inference System),11,11,"{""learning_rate"": 0.01, ""max_train_samples"": 300, ""n_epochs"": 10, ""n_membership_functions"": 2, ""pca_components"": 6}",0.1050165000015113,0.5414364640883977,0.29315344464454685,0.5414364640883977,0.38036396760331886,0.5409836065573771,0.2926632625638269,0.5409836065573771,0.37983955354028603,0.5409836065573771,0.2926632625638269,0.5409836065573771,0.37983955354028603
heart_disease,ANFIS (Adaptive Neuro-Fuzzy Inference System),11,11,"{""learning_rate"": 0.01, ""max_train_samples"": 300, ""n_epochs"": 25, ""n_membership_functions"": 2, ""pca_components"": 6}",0.20596119999754592,0.5414364640883977,0.29315344464454685,0.5414364640883977,0.38036396760331886,0.5409836065573771,0.2926632625638269,0.5409836065573771,0.37983955354028603,0.5409836065573771,0.2926632625638269,0.5409836065573771,0.37983955354028603
heart_disease,ANFIS (Adaptive Neuro-Fuzzy Inference System),11,11,"{""learning_rate"": 0.05, ""max_train_samples"": 300, ""n_epochs"": 25, ""n_membership_functions"": 2, ""pca_components"": 6}",0.20773270000063349,0.5414364640883977,0.29315344464454685,0.5414364640883977,0.38036396760331886,0.5409836065573771,0.2926632625638269,0.5409836065573771,0.37983955354028603,0.5409836065573771,0.2926632625638269,0.5409836065573771,0.37983955354028603
heart_disease,ANFIS (Adaptive Neuro-Fuzzy Inference System),11,11,"{""learning_rate"": 0.01, ""max_train_samples"": 300, ""n_epochs"": 10, ""n_membership_functions"": 3, ""pca_components"": 6}",0.12114840000140248,0.5414364640883977,0.29315344464454685,0.5414364640883977,0.38036396760331886,0.5409836065573771,0.2926632625638269,0.5409836065573771,0.37983955354028603,0.5409836065573771,0.2926632625638269,0.5409836065573771,0.37983955354028603
heart_disease,ANFIS (Adaptive Neuro-Fuzzy Inference System),11,11,"{""learning_rate"": 0.01, ""max_train_samples"": 300, ""n_epochs"": 25, ""n_membership_functions"": 2, ""pca_components"": 8}",0.26303360000019893,0.5414364640883977,0.29315344464454685,0.5414364640883977,0.38036396760331886,0.5409836065573771,0.2926632625638269,0.5409836065573771,0.37983955354028603,0.5409836065573771,0.2926632625638269,0.5409836065573771,0.37983955354028603
heart_disease,ANFIS (Adaptive Neuro-Fuzzy Inference System),12,12,"{""learning_rate"": 0.01, ""max_train_samples"": 300, ""n_epochs"": 10, ""n_membership_functions"": 2, ""pca_components"": 6}",0.0993311000020185,0.5414364640883977,0.29315344464454685,0.5414364640883977,0.38036396760331886,0.5409836065573771,0.2926632625638269,0.5409836065573771,0.37983955354028603,0.5409836065573771,0.2926632625638269,0.5409836065573771,0.37983955354028603
heart_disease,ANFIS (Adaptive Neuro-Fuzzy Inference System),12,12,"{""learning_rate"": 0.01, ""max_train_samples"": 300, ""n_epochs"": 25, ""n_membership_functions"": 2, ""pca_components"": 6}",0.20706360000258428,0.5414364640883977,0.29315344464454685,0.5414364640883977,0.38036396760331886,0.5409836065573771,0.2926632625638269,0.5409836065573771,0.37983955354028603,0.5409836065573771,0.2926632625638269,0.5409836065573771,0.37983955354028603
heart_disease,ANFIS (Adaptive Neuro-Fuzzy Inference System),12,12,"{""learning_rate"": 0.05, ""max_train_samples"": 300, ""n_epochs"": 25, ""n_membership_functions"": 2, ""pca_components"": 6}",0.20858750000115833,0.5414364640883977,0.29315344464454685,0.5414364640883977,0.38036396760331886,0.5409836065573771,0.2926632625638269,0.5409836065573771,0.37983955354028603,0.5409836065573771,0.2926632625638269,0.5409836065573771,0.37983955354028603
heart_disease,ANFIS (Adaptive Neuro-Fuzzy Inference System),12,12,"{""learning_rate"": 0.01, ""max_train_samples"": 300, ""n_epochs"": 10, ""n_membership_functions"": 3, ""pca_components"": 6}",0.12099830000079237,0.5414364640883977,0.29315344464454685,0.5414364640883977,0.38036396760331886,0.5409836065573771,0.2926632625638269,0.5409836065573771,0.37983955354028603,0.5409836065573771,0.2926632625638269,0.5409836065573771,0.37983955354028603
heart_disease,ANFIS (Adaptive Neuro-Fuzzy Inference System),12,12,"{""learning_rate"": 0.01, ""max_train_samples"": 300, ""n_epochs"": 25, ""n_membership_functions"": 2, ""pca_components"": 8}",0.26517990000138525,0.5414364640883977,0.29315344464454685,0.5414364640883977,0.38036396760331886,0.5409836065573771,0.2926632625638269,0.5409836065573771,0.37983955354028603,0.5409836065573771,0.2926632625638269,0.5409836065573771,0.37983955354028603
heart_disease,ANFIS (Adaptive Neuro-Fuzzy Inference System),13,13,"{""learning_rate"": 0.01, ""max_train_samples"": 300, ""n_epochs"": 10, ""n_membership_functions"": 2, ""pca_components"": 6}",0.09697779999987688,0.5414364640883977,0.29315344464454685,0.5414364640883977,0.38036396760331886,0.5409836065573771,0.2926632625638269,0.5409836065573771,0.37983955354028603,0.5409836065573771,0.2926632625638269,0.5409836065573771,0.37983955354028603
heart_disease,ANFIS (Adaptive Neuro-Fuzzy Inference System),13,13,"{""learning_rate"": 0.01, ""max_train_samples"": 300, ""n_epochs"": 25, ""n_membership_functions"": 2, ""pca_components"": 6}",0.208630400000402,0.5414364640883977,0.29315344464454685,0.5414364640883977,0.38036396760331886,0.5409836065573771,0.2926632625638269,0.5409836065573771,0.37983955354028603,0.5409836065573771,0.2926632625638269,0.5409836065573771,0.37983955354028603
heart_disease,ANFIS (Adaptive Neuro-Fuzzy Inference System),13,13,"{""learning_rate"": 0.05, ""max_train_samples"": 300, ""n_epochs"": 25, ""n_membership_functions"": 2, ""pca_components"": 6}",0.20549839999875985,0.5414364640883977,0.29315344464454685,0.5414364640883977,0.38036396760331886,0.5409836065573771,0.2926632625638269,0.5409836065573771,0.37983955354028603,0.5409836065573771,0.2926632625638269,0.5409836065573771,0.37983955354028603
heart_disease,ANFIS (Adaptive Neuro-Fuzzy Inference System),13,13,"{""learning_rate"": 0.01, ""max_train_samples"": 300, ""n_epochs"": 10, ""n_membership_functions"": 3, ""pca_components"": 6}",0.12450819999867235,0.5414364640883977,0.29315344464454685,0.5414364640883977,0.38036396760331886,0.5409836065573771,0.2926632625638269,0.5409836065573771,0.37983955354028603,0.5409836065573771,0.2926632625638269,0.5409836065573771,0.37983955354028603
heart_disease,ANFIS (Adaptive Neuro-Fuzzy Inference System),13,13,"{""learning_rate"": 0.01, ""max_train_samples"": 300, ""n_epochs"": 25, ""n_membership_functions"": 2, ""pca_components"": 8}",0.27103379999971366,0.5414364640883977,0.29315344464454685,0.5414364640883977,0.38036396760331886,0.5409836065573771,0.2926632625638269,0.5409836065573771,0.37983955354028603,0.5409836065573771,0.2926632625638269,0.5409836065573771,0.37983955354028603
heart_disease,ANFIS (Adaptive Neuro-Fuzzy Inference System),14,14,"{""learning_rate"": 0.01, ""max_train_samples"": 300, ""n_epochs"": 10, ""n_membership_functions"": 2, ""pca_components"": 6}",0.09605849999934435,0.5414364640883977,0.29315344464454685,0.5414364640883977,0.38036396760331886,0.5409836065573771,0.2926632625638269,0.5409836065573771,0.37983955354028603,0.5409836065573771,0.2926632625638269,0.5409836065573771,0.37983955354028603
heart_disease,ANFIS (Adaptive Neuro-Fuzzy Inference System),14,14,"{""learning_rate"": 0.01, ""max_train_samples"": 300, ""n_epochs"": 25, ""n_membership_functions"": 2, ""pca_components"": 6}",0.20431870000174968,0.5414364640883977,0.29315344464454685,0.5414364640883977,0.38036396760331886,0.5409836065573771,0.2926632625638269,0.5409836065573771,0.37983955354028603,0.5409836065573771,0.2926632625638269,0.5409836065573771,0.37983955354028603
heart_disease,ANFIS (Adaptive Neuro-Fuzzy Inference System),14,14,"{""learning_rate"": 0.05, ""max_train_samples"": 300, ""n_epochs"": 25, ""n_membership_functions"": 2, ""pca_components"": 6}",0.21284209999794257,0.5414364640883977,0.29315344464454685,0.5414364640883977,0.38036396760331886,0.5409836065573771,0.2926632625638269,0.5409836065573771,0.37983955354028603,0.5409836065573771,0.2926632625638269,0.5409836065573771,0.37983955354028603
heart_disease,ANFIS (Adaptive Neuro-Fuzzy Inference System),14,14,"{""learning_rate"": 0.01, ""max_train_samples"": 300, ""n_epochs"": 10, ""n_membership_functions"": 3, ""pca_components"": 6}",0.12242829999740934,0.5414364640883977,0.29315344464454685,0.5414364640883977,0.38036396760331886,0.5409836065573771,0.2926632625638269,0.5409836065573771,0.37983955354028603,0.5409836065573771,0.2926632625638269,0.5409836065573771,0.37983955354028603
heart_disease,ANFIS (Adaptive Neuro-Fuzzy Inference System),14,14,"{""learning_rate"": 0.01, ""max_train_samples"": 300, ""n_epochs"": 25, ""n_membership_functions"": 2, ""pca_components"": 8}",0.26585290000002715,0.5414364640883977,0.29315344464454685,0.5414364640883977,0.38036396760331886,0.5409836065573771,0.2926632625638269,0.5409836065573771,0.37983955354028603,0.5409836065573771,0.2926632625638269,0.5409836065573771,0.37983955354028603
heart_disease,ANFIS (Adaptive Neuro-Fuzzy Inference System),15,15,"{""learning_rate"": 0.01, ""max_train_samples"": 300, ""n_epochs"": 10, ""n_membership_functions"": 2, ""pca_components"": 6}",0.10126540000055684,0.5414364640883977,0.29315344464454685,0.5414364640883977,0.38036396760331886,0.5409836065573771,0.2926632625638269,0.5409836065573771,0.37983955354028603,0.5409836065573771,0.2926632625638269,0.5409836065573771,0.37983955354028603
heart_disease,ANFIS (Adaptive Neuro-Fuzzy Inference System),15,15,"{""learning_rate"": 0.01, ""max_train_samples"": 300, ""n_epochs"": 25, ""n_membership_functions"": 2, ""pca_components"": 6}",0.21153829999821028,0.5414364640883977,0.29315344464454685,0.5414364640883977,0.38036396760331886,0.5409836065573771,0.2926632625638269,0.5409836065573771,0.37983955354028603,0.5409836065573771,0.2926632625638269,0.5409836065573771,0.37983955354028603
heart_disease,ANFIS (Adaptive Neuro-Fuzzy Inference System),15,15,"{""learning_rate"": 0.05, ""max_train_samples"": 300, ""n_epochs"": 25, ""n_membership_functions"": 2, ""pca_components"": 6}",0.20589420000032987,0.5414364640883977,0.29315344464454685,0.5414364640883977,0.38036396760331886,0.5409836065573771,0.2926632625638269,0.5409836065573771,0.37983955354028603,0.5409836065573771,0.2926632625638269,0.5409836065573771,0.37983955354028603
heart_disease,ANFIS (Adaptive Neuro-Fuzzy Inference System),15,15,"{""learning_rate"": 0.01, ""max_train_samples"": 300, ""n_epochs"": 10, ""n_membership_functions"": 3, ""pca_components"": 6}",0.123352700000396,0.5414364640883977,0.29315344464454685,0.5414364640883977,0.38036396760331886,0.5409836065573771,0.2926632625638269,0.5409836065573771,0.37983955354028603,0.5409836065573771,0.2926632625638269,0.5409836065573771,0.37983955354028603
heart_disease,ANFIS (Adaptive Neuro-Fuzzy Inference System),15,15,"{""learning_rate"": 0.01, ""max_train_samples"": 300, ""n_epochs"": 25, ""n_membership_functions"": 2, ""pca_components"": 8}",0.27216279999993276,0.5414364640883977,0.29315344464454685,0.5414364640883977,0.38036396760331886,0.5409836065573771,0.2926632625638269,0.5409836065573771,0.37983955354028603,0.5409836065573771,0.2926632625638269,0.5409836065573771,0.37983955354028603
heart_disease,ANFIS (Adaptive Neuro-Fuzzy Inference System),16,16,"{""learning_rate"": 0.01, ""max_train_samples"": 300, ""n_epochs"": 10, ""n_membership_functions"": 2, ""pca_components"": 6}",0.09959150000213413,0.5414364640883977,0.29315344464454685,0.5414364640883977,0.38036396760331886,0.5409836065573771,0.2926632625638269,0.5409836065573771,0.37983955354028603,0.5409836065573771,0.2926632625638269,0.5409836065573771,0.37983955354028603
heart_disease,ANFIS (Adaptive Neuro-Fuzzy Inference System),16,16,"{""learning_rate"": 0.01, ""max_train_samples"": 300, ""n_epochs"": 25, ""n_membership_functions"": 2, ""pca_components"": 6}",0.2080960999992385,0.5414364640883977,0.29315344464454685,0.5414364640883977,0.38036396760331886,0.5409836065573771,0.2926632625638269,0.5409836065573771,0.37983955354028603,0.5409836065573771,0.2926632625638269,0.5409836065573771,0.37983955354028603
heart_disease,ANFIS (Adaptive Neuro-Fuzzy Inference System),16,16,"{""learning_rate"": 0.05, ""max_train_samples"": 300, ""n_epochs"": 25, ""n_membership_functions"": 2, ""pca_components"": 6}",0.20536469999933615,0.5414364640883977,0.29315344464454685,0.5414364640883977,0.38036396760331886,0.5409836065573771,0.2926632625638269,0.5409836065573771,0.37983955354028603,0.5409836065573771,0.2926632625638269,0.5409836065573771,0.37983955354028603
heart_disease,ANFIS (Adaptive Neuro-Fuzzy Inference System),16,16,"{""learning_rate"": 0.01, ""max_train_samples"": 300, ""n_epochs"": 10, ""n_membership_functions"": 3, ""pca_components"": 6}",0.12399079999886453,0.5414364640883977,0.29315344464454685,0.5414364640883977,0.38036396760331886,0.5409836065573771,0.2926632625638269,0.5409836065573771,0.37983955354028603,0.5409836065573771,0.2926632625638269,0.5409836065573771,0.37983955354028603
heart_disease,ANFIS (Adaptive Neuro-Fuzzy Inference System),16,16,"{""learning_rate"": 0.01, ""max_train_samples"": 300, ""n_epochs"": 25, ""n_membership_functions"": 2, ""pca_components"": 8}",0.26867420000053244,0.5414364640883977,0.29315344464454685,0.5414364640883977,0.38036396760331886,0.5409836065573771,0.2926632625638269,0.5409836065573771,0.37983955354028603,0.5409836065573771,0.2926632625638269,0.5409836065573771,0.37983955354028603
heart_disease,ANFIS (Adaptive Neuro-Fuzzy Inference System),17,17,"{""learning_rate"": 0.01, ""max_train_samples"": 300, ""n_epochs"": 10, ""n_membership_functions"": 2, ""pca_components"": 6}",0.10253499999816995,0.5414364640883977,0.29315344464454685,0.5414364640883977,0.38036396760331886,0.5409836065573771,0.2926632625638269,0.5409836065573771,0.37983955354028603,0.5409836065573771,0.2926632625638269,0.5409836065573771,0.37983955354028603
heart_disease,ANFIS (Adaptive Neuro-Fuzzy Inference System),17,17,"{""learning_rate"": 0.01, ""max_train_samples"": 300, ""n_epochs"": 25, ""n_membership_functions"": 2, ""pca_components"": 6}",0.2110659999998461,0.5414364640883977,0.29315344464454685,0.5414364640883977,0.38036396760331886,0.5409836065573771,0.2926632625638269,0.5409836065573771,0.37983955354028603,0.5409836065573771,0.2926632625638269,0.5409836065573771,0.37983955354028603
heart_disease,ANFIS (Adaptive Neuro-Fuzzy Inference System),17,17,"{""learning_rate"": 0.05, ""max_train_samples"": 300, ""n_epochs"": 25, ""n_membership_functions"": 2, ""pca_components"": 6}",0.21141820000048028,0.5414364640883977,0.29315344464454685,0.5414364640883977,0.38036396760331886,0.5409836065573771,0.2926632625638269,0.5409836065573771,0.37983955354028603,0.5409836065573771,0.2926632625638269,0.5409836065573771,0.37983955354028603
heart_disease,ANFIS (Adaptive Neuro-Fuzzy Inference System),17,17,"{""learning_rate"": 0.01, ""max_train_samples"": 300, ""n_epochs"": 10, ""n_membership_functions"": 3, ""pca_components"": 6}",0.1255293999965943,0.5414364640883977,0.29315344464454685,0.5414364640883977,0.38036396760331886,0.5409836065573771,0.2926632625638269,0.5409836065573771,0.37983955354028603,0.5409836065573771,0.2926632625638269,0.5409836065573771,0.37983955354028603
heart_disease,ANFIS (Adaptive Neuro-Fuzzy Inference System),17,17,"{""learning_rate"": 0.01, ""max_train_samples"": 300, ""n_epochs"": 25, ""n_membership_functions"": 2, ""pca_components"": 8}",0.29908009999780916,0.5414364640883977,0.29315344464454685,0.5414364640883977,0.38036396760331886,0.5409836065573771,0.2926632625638269,0.5409836065573771,0.37983955354028603,0.5409836065573771,0.2926632625638269,0.5409836065573771,0.37983955354028603
heart_disease,ANFIS (Adaptive Neuro-Fuzzy Inference System),18,18,"{""learning_rate"": 0.01, ""max_train_samples"": 300, ""n_epochs"": 10, ""n_membership_functions"": 2, ""pca_components"": 6}",0.09760850000020582,0.5414364640883977,0.29315344464454685,0.5414364640883977,0.38036396760331886,0.5409836065573771,0.2926632625638269,0.5409836065573771,0.37983955354028603,0.5409836065573771,0.2926632625638269,0.5409836065573771,0.37983955354028603
heart_disease,ANFIS (Adaptive Neuro-Fuzzy Inference System),18,18,"{""learning_rate"": 0.01, ""max_train_samples"": 300, ""n_epochs"": 25, ""n_membership_functions"": 2, ""pca_components"": 6}",0.20569789999717614,0.5414364640883977,0.29315344464454685,0.5414364640883977,0.38036396760331886,0.5409836065573771,0.2926632625638269,0.5409836065573771,0.37983955354028603,0.5409836065573771,0.2926632625638269,0.5409836065573771,0.37983955354028603
heart_disease,ANFIS (Adaptive Neuro-Fuzzy Inference System),18,18,"{""learning_rate"": 0.05, ""max_train_samples"": 300, ""n_epochs"": 25, ""n_membership_functions"": 2, ""pca_components"": 6}",0.2098461000023235,0.5414364640883977,0.29315344464454685,0.5414364640883977,0.38036396760331886,0.5409836065573771,0.2926632625638269,0.5409836065573771,0.37983955354028603,0.5409836065573771,0.2926632625638269,0.5409836065573771,0.37983955354028603
heart_disease,ANFIS (Adaptive Neuro-Fuzzy Inference System),18,18,"{""learning_rate"": 0.01, ""max_train_samples"": 300, ""n_epochs"": 10, ""n_membership_functions"": 3, ""pca_components"": 6}",0.1229672000008577,0.5414364640883977,0.29315344464454685,0.5414364640883977,0.38036396760331886,0.5409836065573771,0.2926632625638269,0.5409836065573771,0.37983955354028603,0.5409836065573771,0.2926632625638269,0.5409836065573771,0.37983955354028603
heart_disease,ANFIS (Adaptive Neuro-Fuzzy Inference System),18,18,"{""learning_rate"": 0.01, ""max_train_samples"": 300, ""n_epochs"": 25, ""n_membership_functions"": 2, ""pca_components"": 8}",0.2674415000001318,0.5414364640883977,0.29315344464454685,0.5414364640883977,0.38036396760331886,0.5409836065573771,0.2926632625638269,0.5409836065573771,0.37983955354028603,0.5409836065573771,0.2926632625638269,0.5409836065573771,0.37983955354028603
heart_disease,ANFIS (Adaptive Neuro-Fuzzy Inference System),19,19,"{""learning_rate"": 0.01, ""max_train_samples"": 300, ""n_epochs"": 10, ""n_membership_functions"": 2, ""pca_components"": 6}",0.09897140000248328,0.5414364640883977,0.29315344464454685,0.5414364640883977,0.38036396760331886,0.5409836065573771,0.2926632625638269,0.5409836065573771,0.37983955354028603,0.5409836065573771,0.2926632625638269,0.5409836065573771,0.37983955354028603
heart_disease,ANFIS (Adaptive Neuro-Fuzzy Inference System),19,19,"{""learning_rate"": 0.01, ""max_train_samples"": 300, ""n_epochs"": 25, ""n_membership_functions"": 2, ""pca_components"": 6}",0.25179909999860683,0.5414364640883977,0.29315344464454685,0.5414364640883977,0.38036396760331886,0.5409836065573771,0.2926632625638269,0.5409836065573771,0.37983955354028603,0.5409836065573771,0.2926632625638269,0.5409836065573771,0.37983955354028603
heart_disease,ANFIS (Adaptive Neuro-Fuzzy Inference System),19,19,"{""learning_rate"": 0.05, ""max_train_samples"": 300, ""n_epochs"": 25, ""n_membership_functions"": 2, ""pca_components"": 6}",0.2064970000028552,0.5414364640883977,0.29315344464454685,0.5414364640883977,0.38036396760331886,0.5409836065573771,0.2926632625638269,0.5409836065573771,0.37983955354028603,0.5409836065573771,0.2926632625638269,0.5409836065573771,0.37983955354028603
heart_disease,ANFIS (Adaptive Neuro-Fuzzy Inference System),19,19,"{""learning_rate"": 0.01, ""max_train_samples"": 300, ""n_epochs"": 10, ""n_membership_functions"": 3, ""pca_components"": 6}",0.12817200000063167,0.5414364640883977,0.29315344464454685,0.5414364640883977,0.38036396760331886,0.5409836065573771,0.2926632625638269,0.5409836065573771,0.37983955354028603,0.5409836065573771,0.2926632625638269,0.5409836065573771,0.37983955354028603
heart_disease,ANFIS (Adaptive Neuro-Fuzzy Inference System),19,19,"{""learning_rate"": 0.01, ""max_train_samples"": 300, ""n_epochs"": 25, ""n_membership_functions"": 2, ""pca_components"": 8}",0.2681034000015643,0.5414364640883977,0.29315344464454685,0.5414364640883977,0.38036396760331886,0.5409836065573771,0.2926632625638269,0.5409836065573771,0.37983955354028603,0.5409836065573771,0.2926632625638269,0.5409836065573771,0.37983955354028603
heart_disease,ANFIS (Adaptive Neuro-Fuzzy Inference System),20,20,"{""learning_rate"": 0.01, ""max_train_samples"": 300, ""n_epochs"": 10, ""n_membership_functions"": 2, ""pca_components"": 6}",0.10596689999874798,0.5414364640883977,0.29315344464454685,0.5414364640883977,0.38036396760331886,0.5409836065573771,0.2926632625638269,0.5409836065573771,0.37983955354028603,0.5409836065573771,0.2926632625638269,0.5409836065573771,0.37983955354028603
heart_disease,ANFIS (Adaptive Neuro-Fuzzy Inference System),20,20,"{""learning_rate"": 0.01, ""max_train_samples"": 300, ""n_epochs"": 25, ""n_membership_functions"": 2, ""pca_components"": 6}",0.20985170000130893,0.5414364640883977,0.29315344464454685,0.5414364640883977,0.38036396760331886,0.5409836065573771,0.2926632625638269,0.5409836065573771,0.37983955354028603,0.5409836065573771,0.2926632625638269,0.5409836065573771,0.37983955354028603
heart_disease,ANFIS (Adaptive Neuro-Fuzzy Inference System),20,20,"{""learning_rate"": 0.05, ""max_train_samples"": 300, ""n_epochs"": 25, ""n_membership_functions"": 2, ""pca_components"": 6}",0.20711510000182898,0.5414364640883977,0.29315344464454685,0.5414364640883977,0.38036396760331886,0.5409836065573771,0.2926632625638269,0.5409836065573771,0.37983955354028603,0.5409836065573771,0.2926632625638269,0.5409836065573771,0.37983955354028603
heart_disease,ANFIS (Adaptive Neuro-Fuzzy Inference System),20,20,"{""learning_rate"": 0.01, ""max_train_samples"": 300, ""n_epochs"": 10, ""n_membership_functions"": 3, ""pca_components"": 6}",0.12321060000249417,0.5414364640883977,0.29315344464454685,0.5414364640883977,0.38036396760331886,0.5409836065573771,0.2926632625638269,0.5409836065573771,0.37983955354028603,0.5409836065573771,0.2926632625638269,0.5409836065573771,0.37983955354028603
heart_disease,ANFIS (Adaptive Neuro-Fuzzy Inference System),20,20,"{""learning_rate"": 0.01, ""max_train_samples"": 300, ""n_epochs"": 25, ""n_membership_functions"": 2, ""pca_components"": 8}",0.2673434999996971,0.5414364640883977,0.29315344464454685,0.5414364640883977,0.38036396760331886,0.5409836065573771,0.2926632625638269,0.5409836065573771,0.37983955354028603,0.5409836065573771,0.2926632625638269,0.5409836065573771,0.37983955354028603
heart_disease,ANFIS (Adaptive Neuro-Fuzzy Inference System),21,21,"{""learning_rate"": 0.01, ""max_train_samples"": 300, ""n_epochs"": 10, ""n_membership_functions"": 2, ""pca_components"": 6}",0.09622370000215597,0.5414364640883977,0.29315344464454685,0.5414364640883977,0.38036396760331886,0.5409836065573771,0.2926632625638269,0.5409836065573771,0.37983955354028603,0.5409836065573771,0.2926632625638269,0.5409836065573771,0.37983955354028603
heart_disease,ANFIS (Adaptive Neuro-Fuzzy Inference System),21,21,"{""learning_rate"": 0.01, ""max_train_samples"": 300, ""n_epochs"": 25, ""n_membership_functions"": 2, ""pca_components"": 6}",0.20944819999931497,0.5414364640883977,0.29315344464454685,0.5414364640883977,0.38036396760331886,0.5409836065573771,0.2926632625638269,0.5409836065573771,0.37983955354028603,0.5409836065573771,0.2926632625638269,0.5409836065573771,0.37983955354028603
heart_disease,ANFIS (Adaptive Neuro-Fuzzy Inference System),21,21,"{""learning_rate"": 0.05, ""max_train_samples"": 300, ""n_epochs"": 25, ""n_membership_functions"": 2, ""pca_components"": 6}",0.22094930000093882,0.5414364640883977,0.29315344464454685,0.5414364640883977,0.38036396760331886,0.5409836065573771,0.2926632625638269,0.5409836065573771,0.37983955354028603,0.5409836065573771,0.2926632625638269,0.5409836065573771,0.37983955354028603
heart_disease,ANFIS (Adaptive Neuro-Fuzzy Inference System),21,21,"{""learning_rate"": 0.01, ""max_train_samples"": 300, ""n_epochs"": 10, ""n_membership_functions"": 3, ""pca_components"": 6}",0.12174990000130492,0.5414364640883977,0.29315344464454685,0.5414364640883977,0.38036396760331886,0.5409836065573771,0.2926632625638269,0.5409836065573771,0.37983955354028603,0.5409836065573771,0.2926632625638269,0.5409836065573771,0.37983955354028603
heart_disease,ANFIS (Adaptive Neuro-Fuzzy Inference System),21,21,"{""learning_rate"": 0.01, ""max_train_samples"": 300, ""n_epochs"": 25, ""n_membership_functions"": 2, ""pca_components"": 8}",0.2657777000022179,0.5414364640883977,0.29315344464454685,0.5414364640883977,0.38036396760331886,0.5409836065573771,0.2926632625638269,0.5409836065573771,0.37983955354028603,0.5409836065573771,0.2926632625638269,0.5409836065573771,0.37983955354028603
mushroom,ANFIS (Adaptive Neuro-Fuzzy Inference System),1,1,"{""learning_rate"": 0.01, ""max_train_samples"": 300, ""n_epochs"": 10, ""n_membership_functions"": 2, ""pca_components"": 6}",0.20487780000257771,0.75,0.826530612244898,0.75,0.7219146857701074,0.7118226600985221,0.8147745647350806,0.7118226600985221,0.6816310146596269,0.7232472324723247,0.8196394502644716,0.7232472324723247,0.6967297689601845
mushroom,ANFIS (Adaptive Neuro-Fuzzy Inference System),1,1,"{""learning_rate"": 0.01, ""max_train_samples"": 300, ""n_epochs"": 25, ""n_membership_functions"": 2, ""pca_components"": 6}",0.37251800000012736,0.7933333333333333,0.8485632183908045,0.7933333333333333,0.7769134127343084,0.7660098522167488,0.8387727459627681,0.7660098522167488,0.7500005482914465,0.7847478474784748,0.8479510801819428,0.7847478474784748,0.7723405420403507
mushroom,ANFIS (Adaptive Neuro-Fuzzy Inference System),1,1,"{""learning_rate"": 0.05, ""max_train_samples"": 300, ""n_epochs"": 25, ""n_membership_functions"": 2, ""pca_components"": 6}",0.3875767999998061,0.86,0.8788886593678992,0.86,0.8554521276595745,0.875615763546798,0.8986446064563685,0.875615763546798,0.8731441536682946,0.8942189421894219,0.9087626134038039,0.8942189421894219,0.8928597096661939
mushroom,ANFIS (Adaptive Neuro-Fuzzy Inference System),1,1,"{""learning_rate"": 0.01, ""max_train_samples"": 300, ""n_epochs"": 10, ""n_membership_functions"": 3, ""pca_components"": 6}",0.25363650000144844,0.76,0.8314049586776858,0.76,0.7350134269778971,0.7302955665024631,0.8225850523399015,0.7302955665024631,0.7056744485466918,0.7318573185731857,0.823336355429282,0.7318573185731857,0.7077916961581777
mushroom,ANFIS (Adaptive Neuro-Fuzzy Inference System),1,1,"{""learning_rate"": 0.01, ""max_train_samples"": 300, ""n_epochs"": 25, ""n_membership_functions"": 2, ""pca_components"": 8}",0.48680240000248887,0.7566666666666667,0.829766803840878,0.7566666666666667,0.7306763691609155,0.7179802955665024,0.8173380068207654,0.7179802955665024,0.6897379932621964,0.7306273062730627,0.8228032749077492,0.7306273062730627,0.7062219285751197
mushroom,ANFIS (Adaptive Neuro-Fuzzy Inference System),2,2,"{""learning_rate"": 0.01, ""max_train_samples"": 300, ""n_epochs"": 10, ""n_membership_functions"": 2, ""pca_components"": 6}",0.1990869000001112,0.9066666666666666,0.9180875420875422,0.9066666666666666,0.9065172735760971,0.8879310344827587,0.9010488535081173,0.8879310344827587,0.8865697553848942,0.8966789667896679,0.9056628951382681,0.8966789667896679,0.8957858336703632
mushroom,ANFIS (Adaptive Neuro-Fuzzy Inference System),2,2,"{""learning_rate"": 0.01, ""max_train_samples"": 300, ""n_epochs"": 25, ""n_membership_functions"": 2, ""pca_components"": 6}",0.37328680000064196,0.9066666666666666,0.9180875420875422,0.9066666666666666,0.9065172735760971,0.8879310344827587,0.9010488535081173,0.8879310344827587,0.8865697553848942,0.8966789667896679,0.9056628951382681,0.8966789667896679,0.8957858336703632
mushroom,ANFIS (Adaptive Neuro-Fuzzy Inference System),2,2,"{""learning_rate"": 0.05, ""max_train_samples"": 300, ""n_epochs"": 25, ""n_membership_functions"": 2, ""pca_components"": 6}",0.3761737999993784,0.9066666666666666,0.9180875420875422,0.9066666666666666,0.9065172735760971,0.8866995073891626,0.8993930227042377,0.8866995073891626,0.8853549847299512,0.8954489544895449,0.9040923848082171,0.8954489544895449,0.8945697808117435
mushroom,ANFIS (Adaptive Neuro-Fuzzy Inference System),2,2,"{""learning_rate"": 0.01, ""max_train_samples"": 300, ""n_epochs"": 10, ""n_membership_functions"": 3, ""pca_components"": 6}",0.24942599999849335,0.8966666666666666,0.9108387445887445,0.8966666666666666,0.8963874153404732,0.8842364532019704,0.8999429697580931,0.8842364532019704,0.8825927110656174,0.8966789667896679,0.9069399571434901,0.8966789667896679,0.8956852880715129
mushroom,ANFIS (Adaptive Neuro-Fuzzy Inference System),2,2,"{""learning_rate"": 0.01, ""max_train_samples"": 300, ""n_epochs"": 25, ""n_membership_functions"": 2, ""pca_components"": 8}",0.49053429999912623,0.9066666666666666,0.9163082710133896,0.9066666666666666,0.9065753911806543,0.8928571428571429,0.9061871098990841,0.8928571428571429,0.8915557002031407,0.897908979089791,0.9066234229553437,0.897908979089791,0.8970504918514673
mushroom,ANFIS (Adaptive Neuro-Fuzzy Inference System),3,3,"{""learning_rate"": 0.01, ""max_train_samples"": 300, ""n_epochs"": 10, ""n_membership_functions"": 2, ""pca_components"": 6}",0.19070940000165137,0.8533333333333334,0.8856,0.8533333333333334,0.8491729600294714,0.8460591133004927,0.8813019902921381,0.8460591133004927,0.8413644564748618,0.8646986469864698,0.8927271758593293,0.8646986469864698,0.861474515238881
mushroom,ANFIS (Adaptive Neuro-Fuzzy Inference System),3,3,"{""learning_rate"": 0.01, ""max_train_samples"": 300, ""n_epochs"": 25, ""n_membership_functions"": 2, ""pca_components"": 6}",0.3682029000010516,0.8633333333333333,0.8859503171759237,0.8633333333333333,0.8605048002831082,0.8657635467980296,0.8922532057549055,0.8657635467980296,0.8626916626822153,0.8831488314883149,0.9036860335939356,0.8831488314883149,0.8810967897942135
mushroom,ANFIS (Adaptive Neuro-Fuzzy Inference System),3,3,"{""learning_rate"": 0.05, ""max_train_samples"": 300, ""n_epochs"": 25, ""n_membership_functions"": 2, ""pca_components"": 6}",0.379832599999645,0.89,0.9005506290914156,0.89,0.8888519818122328,0.8879310344827587,0.9025994694960212,0.8879310344827587,0.8864405618811289,0.8954489544895449,0.905342062255145,0.8954489544895449,0.8944693891431066
mushroom,ANFIS (Adaptive Neuro-Fuzzy Inference System),3,3,"{""learning_rate"": 0.01, ""max_train_samples"": 300, ""n_epochs"": 10, ""n_membership_functions"": 3, ""pca_components"": 6}",0.2467873999994481,0.87,0.890459676257265,0.87,0.8675641011037578,0.8866995073891626,0.9070185041146929,0.8866995073891626,0.8847262511295592,0.9015990159901599,0.917311747967779,0.9015990159901599,0.9002770741570559
mushroom,ANFIS (Adaptive Neuro-Fuzzy Inference System),3,3,"{""learning_rate"": 0.01, ""max_train_samples"": 300, ""n_epochs"": 25, ""n_membership_functions"": 2, ""pca_components"": 8}",0.48352560000057565,0.85,0.8835820895522388,0.85,0.8455648926237161,0.8374384236453202,0.8762415485618079,0.8374384236453202,0.8319476374365562,0.8560885608856088,0.88738528649227,0.8560885608856088,0.8522453909122764
mushroom,ANFIS (Adaptive Neuro-Fuzzy Inference System),4,4,"{""learning_rate"": 0.01, ""max_train_samples"": 300, ""n_epochs"": 10, ""n_membership_functions"": 2, ""pca_components"": 6}",0.19106350000220118,0.8366666666666667,0.8755177993527508,0.8366666666666667,0.8308058723018447,0.8226600985221675,0.8678582327041282,0.8226600985221675,0.8155965877865577,0.8462484624846248,0.8814479903040788,0.8462484624846248,0.8416039694855005
mushroom,ANFIS (Adaptive Neuro-Fuzzy Inference System),4,4,"{""learning_rate"": 0.01, ""max_train_samples"": 300, ""n_epochs"": 25, ""n_membership_functions"": 2, ""pca_components"": 6}",0.3773312999983318,0.8566666666666667,0.8874833333333334,0.8566666666666667,0.8526170303512353,0.8497536945812808,0.882261554511414,0.8497536945812808,0.8455070761040133,0.8769987699876999,0.8995821750125016,0.8769987699876999,0.8746247340892861
mushroom,ANFIS (Adaptive Neuro-Fuzzy Inference System),4,4,"{""learning_rate"": 0.05, ""max_train_samples"": 300, ""n_epochs"": 25, ""n_membership_functions"": 2, ""pca_components"": 6}",0.3729210999990755,0.8733333333333333,0.8952170193533807,0.8733333333333333,0.8707276190476191,0.8903940886699507,0.9051797713780472,0.8903940886699507,0.8889363737079172,0.8954489544895449,0.905342062255145,0.8954489544895449,0.8944693891431066
mushroom,ANFIS (Adaptive Neuro-Fuzzy Inference System),4,4,"{""learning_rate"": 0.01, ""max_train_samples"": 300, ""n_epochs"": 10, ""n_membership_functions"": 3, ""pca_components"": 6}",0.2533612999977777,0.8666666666666667,0.8937394247038917,0.8666666666666667,0.8633595149510818,0.8682266009852216,0.8949306799522316,0.8682266009852216,0.8652110817155693,0.8868388683886839,0.9071328724983156,0.8868388683886839,0.8848898429447961
mushroom,ANFIS (Adaptive Neuro-Fuzzy Inference System),4,4,"{""learning_rate"": 0.01, ""max_train_samples"": 300, ""n_epochs"": 25, ""n_membership_functions"": 2, ""pca_components"": 8}",0.48638239999854704,0.84,0.8774634146341463,0.84,0.8344732810251173,0.8275862068965517,0.8706128219312804,0.8275862068965517,0.821077384105214,0.8511685116851169,0.8843947295561516,0.8511685116851169,0.8469376226162424
mushroom,ANFIS (Adaptive Neuro-Fuzzy Inference System),5,5,"{""learning_rate"": 0.01, ""max_train_samples"": 300, ""n_epochs"": 10, ""n_membership_functions"": 2, ""pca_components"": 6}",0.1984641000017291,0.86,0.8894,0.86,0.8560635301722148,0.8238916256157636,0.8685432169933271,0.8238916256157636,0.8169697297697929,0.8462484624846248,0.8814479903040788,0.8462484624846248,0.8416039694855005
mushroom,ANFIS (Adaptive Neuro-Fuzzy Inference System),5,5,"{""learning_rate"": 0.01, ""max_train_samples"": 300, ""n_epochs"": 25, ""n_membership_functions"": 2, ""pca_components"": 6}",0.37094489999799407,0.8866666666666667,0.9067361111111111,0.8866666666666667,0.884464761904762,0.854679802955665,0.8864938720674118,0.854679802955665,0.8506984526777058,0.8794587945879458,0.9022199470549618,0.8794587945879458,0.8771322394075005
mushroom,ANFIS (Adaptive Neuro-Fuzzy Inference System),5,5,"{""learning_rate"": 0.05, ""max_train_samples"": 300, ""n_epochs"": 25, ""n_membership_functions"": 2, ""pca_components"": 6}",0.3735831000012695,0.9266666666666666,0.9339853871185607,0.9266666666666666,0.9260714285714285,0.8879310344827587,0.9059972383783244,0.8879310344827587,0.8861642240344543,0.8966789667896679,0.9069399571434901,0.8966789667896679,0.8956852880715129
mushroom,ANFIS (Adaptive Neuro-Fuzzy Inference System),5,5,"{""learning_rate"": 0.01, ""max_train_samples"": 300, ""n_epochs"": 10, ""n_membership_functions"": 3, ""pca_components"": 6}",0.252203299998655,0.91,0.9231351351351352,0.91,0.9088146475933343,0.8780788177339901,0.9012907351269419,0.8780788177339901,0.8756561506253581,0.8942189421894219,0.9121620802006837,0.8942189421894219,0.8926038370525984
mushroom,ANFIS (Adaptive Neuro-Fuzzy Inference System),5,5,"{""learning_rate"": 0.01, ""max_train_samples"": 300, ""n_epochs"": 25, ""n_membership_functions"": 2, ""pca_components"": 8}",0.4893101999987266,0.8666666666666667,0.8936026936026936,0.8666666666666667,0.8632283416221526,0.8374384236453202,0.8762415485618079,0.8374384236453202,0.8319476374365562,0.8597785977859779,0.8896575507811153,0.8597785977859779,0.8562097954083894
mushroom,ANFIS (Adaptive Neuro-Fuzzy Inference System),6,6,"{""learning_rate"": 0.01, ""max_train_samples"": 300, ""n_epochs"": 10, ""n_membership_functions"": 2, ""pca_components"": 6}",0.19660110000040731,0.89,0.89553778095536,0.89,0.8898960822450681,0.8879310344827587,0.901812058248368,0.8879310344827587,0.8865059020046617,0.8991389913899139,0.9075874502451661,0.8991389913899139,0.898314246829058
mushroom,ANFIS (Adaptive Neuro-Fuzzy Inference System),6,6,"{""learning_rate"": 0.01, ""max_train_samples"": 300, ""n_epochs"": 25, ""n_membership_functions"": 2, ""pca_components"": 6}",0.3739305000017339,0.89,0.89553778095536,0.89,0.8898960822450681,0.8879310344827587,0.901812058248368,0.8879310344827587,0.8865059020046617,0.8991389913899139,0.9075874502451661,0.8991389913899139,0.898314246829058
mushroom,ANFIS (Adaptive Neuro-Fuzzy Inference System),6,6,"{""learning_rate"": 0.05, ""max_train_samples"": 300, ""n_epochs"": 25, ""n_membership_functions"": 2, ""pca_components"": 6}",0.36763069999869913,0.89,0.89553778095536,0.89,0.8898960822450681,0.8891625615763546,0.9034914444006287,0.8891625615763546,0.8877209629763042,0.9040590405904059,0.9139030977938645,0.9040590405904059,0.9031836411079343
mushroom,ANFIS (Adaptive Neuro-Fuzzy Inference System),6,6,"{""learning_rate"": 0.01, ""max_train_samples"": 300, ""n_epochs"": 10, ""n_membership_functions"": 3, ""pca_components"": 6}",0.25368130000060773,0.89,0.8943556804496187,0.89,0.8899449944994499,0.895320197044335,0.9058784668945777,0.895320197044335,0.8942734553864633,0.9040590405904059,0.9109298870005206,0.9040590405904059,0.903401617369892
mushroom,ANFIS (Adaptive Neuro-Fuzzy Inference System),6,6,"{""learning_rate"": 0.01, ""max_train_samples"": 300, ""n_epochs"": 25, ""n_membership_functions"": 2, ""pca_components"": 8}",0.4975592000009783,0.8933333333333333,0.8971688357996078,0.8933333333333333,0.8933001466731855,0.8916256157635468,0.9030789560367074,0.8916256157635468,0.8904573279382105,0.9003690036900369,0.9085550033428262,0.9003690036900369,0.8995771109534738
mushroom,ANFIS (Adaptive Neuro-Fuzzy Inference System),7,7,"{""learning_rate"": 0.01, ""max_train_samples"": 300, ""n_epochs"": 10, ""n_membership_functions"": 2, ""pca_components"": 6}",0.1982385000010254,0.8933333333333333,0.9094185231890151,0.8933333333333333,0.892034632034632,0.8854679802955665,0.9061906998140731,0.8854679802955665,0.883434293136157,0.9003690036900369,0.9156059087747427,0.9003690036900369,0.8990598320980784
mushroom,ANFIS (Adaptive Neuro-Fuzzy Inference System),7,7,"{""learning_rate"": 0.01, ""max_train_samples"": 300, ""n_epochs"": 25, ""n_membership_functions"": 2, ""pca_components"": 6}",0.37215370000194525,0.8933333333333333,0.9072343191420214,0.8933333333333333,0.8921903561298458,0.8842364532019704,0.9034550687935641,0.8842364532019704,0.882297918530094,0.9003690036900369,0.9147920916960173,0.9003690036900369,0.8991174308256727
mushroom,ANFIS (Adaptive Neuro-Fuzzy Inference System),7,7,"{""learning_rate"": 0.05, ""max_train_samples"": 300, ""n_epochs"": 25, ""n_membership_functions"": 2, ""pca_components"": 6}",0.37278349999905913,0.89,0.8991055718475074,0.89,0.8891770881234649,0.8866995073891626,0.9025320711121539,0.8866995073891626,0.8850907384897534,0.8966789667896679,0.9062899494974331,0.8966789667896679,0.8957362288854676
mushroom,ANFIS (Adaptive Neuro-Fuzzy Inference System),7,7,"{""learning_rate"": 0.01, ""max_train_samples"": 300, ""n_epochs"": 10, ""n_membership_functions"": 3, ""pca_components"": 6}",0.2501671999998507,0.88,0.8914280437693338,0.88,0.8788778996583348,0.8891625615763546,0.9068510926970725,0.8891625615763546,0.8874506327501275,0.9003690036900369,0.9124988446146143,0.9003690036900369,0.8992823466083621
mushroom,ANFIS (Adaptive Neuro-Fuzzy Inference System),7,7,"{""learning_rate"": 0.01, ""max_train_samples"": 300, ""n_epochs"": 25, ""n_membership_functions"": 2, ""pca_components"": 8}",0.48167839999950957,0.8933333333333333,0.9117837837837838,0.8933333333333333,0.8918686480870861,0.8854679802955665,0.9061906998140731,0.8854679802955665,0.883434293136157,0.9003690036900369,0.9164449214213257,0.9003690036900369,0.8990009121690647
mushroom,ANFIS (Adaptive Neuro-Fuzzy Inference System),8,8,"{""learning_rate"": 0.01, ""max_train_samples"": 300, ""n_epochs"": 10, ""n_membership_functions"": 2, ""pca_components"": 6}",0.19225119999828166,0.8333333333333334,0.8720930232558138,0.8333333333333334,0.8253588516746411,0.8214285714285714,0.867175668854114,0.8214285714285714,0.8142214566443833,0.8536285362853628,0.8858844699558107,0.8536285362853628,0.8495946833612594
mushroom,ANFIS (Adaptive Neuro-Fuzzy Inference System),8,8,"{""learning_rate"": 0.01, ""max_train_samples"": 300, ""n_epochs"": 25, ""n_membership_functions"": 2, ""pca_components"": 6}",0.37030879999656463,0.8633333333333333,0.8905339805825243,0.8633333333333333,0.8586506432514508,0.853448275862069,0.8857439335887612,0.853448275862069,0.8493699000175731,0.8769987699876999,0.9006074513720186,0.8769987699876999,0.8745361797120038
mushroom,ANFIS (Adaptive Neuro-Fuzzy Inference System),8,8,"{""learning_rate"": 0.05, ""max_train_samples"": 300, ""n_epochs"": 25, ""n_membership_functions"": 2, ""pca_components"": 6}",0.37691999999879044,0.8766666666666667,0.8894621668936005,0.8766666666666667,0.8742276263017371,0.8866995073891626,0.9025320711121539,0.8866995073891626,0.8850907384897534,0.8942189421894219,0.905757727549825,0.8942189421894219,0.8930931762877999
mushroom,ANFIS (Adaptive Neuro-Fuzzy Inference System),8,8,"{""learning_rate"": 0.01, ""max_train_samples"": 300, ""n_epochs"": 10, ""n_membership_functions"": 3, ""pca_components"": 6}",0.2491405999971903,0.8866666666666667,0.9060301507537688,0.8866666666666667,0.8837958651517973,0.8805418719211823,0.9029114441676018,0.8805418719211823,0.8782539826776121,0.9003690036900369,0.9164449214213257,0.9003690036900369,0.8990009121690647
mushroom,ANFIS (Adaptive Neuro-Fuzzy Inference System),8,8,"{""learning_rate"": 0.01, ""max_train_samples"": 300, ""n_epochs"": 25, ""n_membership_functions"": 2, ""pca_components"": 8}",0.4844078999994963,0.83,0.8701388888888888,0.83,0.8215834322079603,0.8165024630541872,0.8644693630628295,0.8165024630541872,0.8087007104595371,0.8462484624846248,0.8814479903040788,0.8462484624846248,0.8416039694855005
mushroom,ANFIS (Adaptive Neuro-Fuzzy Inference System),9,9,"{""learning_rate"": 0.01, ""max_train_samples"": 300, ""n_epochs"": 10, ""n_membership_functions"": 2, ""pca_components"": 6}",0.19783209999877727,0.7933333333333333,0.8505357142857143,0.7933333333333333,0.77999322066728,0.7770935960591133,0.844113627808782,0.7770935960591133,0.7632473045688691,0.7958179581795818,0.8535593873826303,0.7958179581795818,0.7852080595470773
mushroom,ANFIS (Adaptive Neuro-Fuzzy Inference System),9,9,"{""learning_rate"": 0.01, ""max_train_samples"": 300, ""n_epochs"": 25, ""n_membership_functions"": 2, ""pca_components"": 6}",0.37229670000306214,0.8333333333333334,0.8726415094339625,0.8333333333333334,0.8260375751265913,0.8238916256157636,0.8685432169933271,0.8238916256157636,0.8169697297697929,0.8462484624846248,0.8814479903040788,0.8462484624846248,0.8416039694855005
mushroom,ANFIS (Adaptive Neuro-Fuzzy Inference System),9,9,"{""learning_rate"": 0.05, ""max_train_samples"": 300, ""n_epochs"": 25, ""n_membership_functions"": 2, ""pca_components"": 6}",0.372153200001776,0.8766666666666667,0.8943150183150183,0.8766666666666667,0.8739924611820036,0.8866995073891626,0.904249686334306,0.8866995073891626,0.8849495357001301,0.8929889298892989,0.9041341609473464,0.8929889298892989,0.8918780184094243
mushroom,ANFIS (Adaptive Neuro-Fuzzy Inference System),9,9,"{""learning_rate"": 0.01, ""max_train_samples"": 300, ""n_epochs"": 10, ""n_membership_functions"": 3, ""pca_components"": 6}",0.25595529999918654,0.8133333333333334,0.8612844036697247,0.8133333333333334,0.8033301435406699,0.8017241379310345,0.8565736461666074,0.8017241379310345,0.7919351778635996,0.8302583025830258,0.872162335219059,0.8302583025830258,0.8240791985856295
mushroom,ANFIS (Adaptive Neuro-Fuzzy Inference System),9,9,"{""learning_rate"": 0.01, ""max_train_samples"": 300, ""n_epochs"": 25, ""n_membership_functions"": 2, ""pca_components"": 8}",0.4853705000023183,0.7933333333333333,0.8505357142857143,0.7933333333333333,0.77999322066728,0.7795566502463054,0.845322249589491,0.7795566502463054,0.7661613249504284,0.7958179581795818,0.8535593873826303,0.7958179581795818,0.7852080595470773
mushroom,ANFIS (Adaptive Neuro-Fuzzy Inference System),10,10,"{""learning_rate"": 0.01, ""max_train_samples"": 300, ""n_epochs"": 10, ""n_membership_functions"": 2, ""pca_components"": 6}",0.19328179999865824,0.8566666666666667,0.8873300165837479,0.8566666666666667,0.852463697761956,0.8386699507389163,0.8769566109802241,0.8386699507389163,0.8332981658985086,0.8585485854858549,0.888897303152136,0.8585485854858549,0.8548898621392697
mushroom,ANFIS (Adaptive Neuro-Fuzzy Inference System),10,10,"{""learning_rate"": 0.01, ""max_train_samples"": 300, ""n_epochs"": 25, ""n_membership_functions"": 2, ""pca_components"": 6}",0.37501179999890155,0.8866666666666667,0.9042232854864434,0.8866666666666667,0.884681627440248,0.8633004926108374,0.89068487276692,0.8633004926108374,0.8600644616612416,0.8831488314883149,0.9036860335939356,0.8831488314883149,0.8810967897942135
mushroom,ANFIS (Adaptive Neuro-Fuzzy Inference System),10,10,"{""learning_rate"": 0.05, ""max_train_samples"": 300, ""n_epochs"": 25, ""n_membership_functions"": 2, ""pca_components"": 6}",0.3734669000004942,0.9066666666666666,0.9150185185185187,0.9066666666666666,0.9057855669482211,0.8866995073891626,0.900913995320943,0.8866995073891626,0.8852258732646664,0.8954489544895449,0.905342062255145,0.8954489544895449,0.8944693891431066
mushroom,ANFIS (Adaptive Neuro-Fuzzy Inference System),10,10,"{""learning_rate"": 0.01, ""max_train_samples"": 300, ""n_epochs"": 10, ""n_membership_functions"": 3, ""pca_components"": 6}",0.25988419999703183,0.9,0.9159574468085108,0.9,0.8984297483045833,0.875615763546798,0.8996824453126474,0.875615763546798,0.8730530550470209,0.8954489544895449,0.9130118771543447,0.8954489544895449,0.8938854639876316
mushroom,ANFIS (Adaptive Neuro-Fuzzy Inference System),10,10,"{""learning_rate"": 0.01, ""max_train_samples"": 300, ""n_epochs"": 25, ""n_membership_functions"": 2, ""pca_components"": 8}",0.4871294000004127,0.8566666666666667,0.8873300165837479,0.8566666666666667,0.852463697761956,0.8374384236453202,0.8762415485618079,0.8374384236453202,0.8319476374365562,0.8536285362853628,0.8858844699558107,0.8536285362853628,0.8495946833612594
mushroom,ANFIS (Adaptive Neuro-Fuzzy Inference System),11,11,"{""learning_rate"": 0.01, ""max_train_samples"": 300, ""n_epochs"": 10, ""n_membership_functions"": 2, ""pca_components"": 6}",0.19400589999713702,0.9,0.9125706987775951,0.9,0.8993610080879396,0.8854679802955665,0.9025116770619019,0.8854679802955665,0.8837352491847171,0.8954489544895449,0.9081193706229703,0.8954489544895449,0.8942523222008869
mushroom,ANFIS (Adaptive Neuro-Fuzzy Inference System),11,11,"{""learning_rate"": 0.01, ""max_train_samples"": 300, ""n_epochs"": 25, ""n_membership_functions"": 2, ""pca_components"": 6}",0.3706514999976207,0.9,0.9125706987775951,0.9,0.8993610080879396,0.8854679802955665,0.901655986323474,0.8854679802955665,0.8838066172474934,0.8942189421894219,0.9064729709163217,0.8942189421894219,0.8930368928993546
mushroom,ANFIS (Adaptive Neuro-Fuzzy Inference System),11,11,"{""learning_rate"": 0.05, ""max_train_samples"": 300, ""n_epochs"": 25, ""n_membership_functions"": 2, ""pca_components"": 6}",0.3760770999979286,0.9033333333333333,0.9150267777221489,0.9033333333333333,0.9027666677832489,0.8854679802955665,0.90082525451982,0.8854679802955665,0.8838764489448069,0.8954489544895449,0.9066837377794389,0.8954489544895449,0.8943635812046098
mushroom,ANFIS (Adaptive Neuro-Fuzzy Inference System),11,11,"{""learning_rate"": 0.01, ""max_train_samples"": 300, ""n_epochs"": 10, ""n_membership_functions"": 3, ""pca_components"": 6}",0.2570582000007562,0.9,0.9125706987775951,0.9,0.8993610080879396,0.8830049261083743,0.9007880650581109,0.8830049261083743,0.8811604536623422,0.8942189421894219,0.9064729709163217,0.8942189421894219,0.8930368928993546
mushroom,ANFIS (Adaptive Neuro-Fuzzy Inference System),11,11,"{""learning_rate"": 0.01, ""max_train_samples"": 300, ""n_epochs"": 25, ""n_membership_functions"": 2, ""pca_components"": 8}",0.49574390000270796,0.8966666666666666,0.9081856386448803,0.8966666666666666,0.8960609207338179,0.8891625615763546,0.9077544388619667,0.8891625615763546,0.8873793259149385,0.8991389913899139,0.9139092186142876,0.8991389913899139,0.8978429789840453
mushroom,ANFIS (Adaptive Neuro-Fuzzy Inference System),12,12,"{""learning_rate"": 0.01, ""max_train_samples"": 300, ""n_epochs"": 10, ""n_membership_functions"": 2, ""pca_components"": 6}",0.19527849999940372,0.84,0.8778325123152709,0.84,0.8348584883881989,0.8411330049261084,0.8783945364979847,0.8411330049261084,0.8359938926676096,0.8573185731857319,0.8881398869854621,0.8573185731857319,0.8535683987970104
mushroom,ANFIS (Adaptive Neuro-Fuzzy Inference System),12,12,"{""learning_rate"": 0.01, ""max_train_samples"": 300, ""n_epochs"": 25, ""n_membership_functions"": 2, ""pca_components"": 6}",0.3722057000013592,0.88,0.9026178010471204,0.88,0.8777388375586,0.8657635467980296,0.8922532057549055,0.8657635467980296,0.8626916626822153,0.8843788437884379,0.9054825111357909,0.8843788437884379,0.8823089630004439
mushroom,ANFIS (Adaptive Neuro-Fuzzy Inference System),12,12,"{""learning_rate"": 0.05, ""max_train_samples"": 300, ""n_epochs"": 25, ""n_membership_functions"": 2, ""pca_components"": 6}",0.3797468000011577,0.8966666666666666,0.9094819022785124,0.8966666666666666,0.8955019500325317,0.8891625615763546,0.9059734485507085,0.8891625615763546,0.8875204441561031,0.8966789667896679,0.9069399571434901,0.8966789667896679,0.8956852880715129
mushroom,ANFIS (Adaptive Neuro-Fuzzy Inference System),12,12,"{""learning_rate"": 0.01, ""max_train_samples"": 300, ""n_epochs"": 10, ""n_membership_functions"": 3, ""pca_components"": 6}",0.2493705000015325,0.89,0.909308510638298,0.89,0.8882292883801658,0.8793103448275862,0.9020995282705467,0.8793103448275862,0.8769557177365032,0.8966789667896679,0.9138650396404954,0.8966789667896679,0.8951659719620955
mushroom,ANFIS (Adaptive Neuro-Fuzzy Inference System),12,12,"{""learning_rate"": 0.01, ""max_train_samples"": 300, ""n_epochs"": 25, ""n_membership_functions"": 2, ""pca_components"": 8}",0.4858405999984825,0.8466666666666667,0.8817578772802653,0.8466666666666667,0.8421194817952969,0.853448275862069,0.8857439335887612,0.853448275862069,0.8493699000175731,0.8769987699876999,0.9006074513720186,0.8769987699876999,0.8745361797120038
mushroom,ANFIS (Adaptive Neuro-Fuzzy Inference System),13,13,"{""learning_rate"": 0.01, ""max_train_samples"": 300, ""n_epochs"": 10, ""n_membership_functions"": 2, ""pca_components"": 6}",0.197618500002136,0.79,0.8485398230088496,0.79,0.775654430487701,0.7770935960591133,0.844113627808782,0.7770935960591133,0.7632473045688691,0.7958179581795818,0.8535593873826303,0.7958179581795818,0.7852080595470773
mushroom,ANFIS (Adaptive Neuro-Fuzzy Inference System),13,13,"{""learning_rate"": 0.01, ""max_train_samples"": 300, ""n_epochs"": 25, ""n_membership_functions"": 2, ""pca_components"": 6}",0.371949800002767,0.8566666666666667,0.8865857605177992,0.8566666666666667,0.8516775185067869,0.8251231527093597,0.8692306346192546,0.8251231527093597,0.8183408989647163,0.8499384993849939,0.8836539746612936,0.8499384993849939,0.8456066730252741
mushroom,ANFIS (Adaptive Neuro-Fuzzy Inference System),13,13,"{""learning_rate"": 0.05, ""max_train_samples"": 300, ""n_epochs"": 25, ""n_membership_functions"": 2, ""pca_components"": 6}",0.37758469999971567,0.89,0.9038175154320988,0.89,0.8879827536648464,0.8879310344827587,0.9059972383783244,0.8879310344827587,0.8861642240344543,0.8954489544895449,0.906001281198184,0.8954489544895449,0.8944171643409405
mushroom,ANFIS (Adaptive Neuro-Fuzzy Inference System),13,13,"{""learning_rate"": 0.01, ""max_train_samples"": 300, ""n_epochs"": 10, ""n_membership_functions"": 3, ""pca_components"": 6}",0.2496103999983461,0.84,0.876398104265403,0.84,0.8332762292366666,0.8165024630541872,0.8644693630628295,0.8165024630541872,0.8087007104595371,0.8376383763837638,0.8763937729793211,0.8376383763837638,0.8322049143067362
mushroom,ANFIS (Adaptive Neuro-Fuzzy Inference System),13,13,"{""learning_rate"": 0.01, ""max_train_samples"": 300, ""n_epochs"": 25, ""n_membership_functions"": 2, ""pca_components"": 8}",0.48235010000280454,0.8066666666666666,0.8574057315233786,0.8066666666666666,0.7953105709876543,0.7844827586206896,0.8477638278176348,0.7844827586206896,0.7719581464923043,0.8142681426814268,0.863298755365176,0.8142681426814268,0.806236897294017
mushroom,ANFIS (Adaptive Neuro-Fuzzy Inference System),14,14,"{""learning_rate"": 0.01, ""max_train_samples"": 300, ""n_epochs"": 10, ""n_membership_functions"": 2, ""pca_components"": 6}",0.19513809999989462,0.86,0.8896969696969695,0.86,0.8563538652335675,0.8312807881773399,0.8727046806857708,0.8312807881773399,0.8251677209796923,0.8499384993849939,0.8836539746612936,0.8499384993849939,0.8456066730252741
mushroom,ANFIS (Adaptive Neuro-Fuzzy Inference System),14,14,"{""learning_rate"": 0.01, ""max_train_samples"": 300, ""n_epochs"": 25, ""n_membership_functions"": 2, ""pca_components"": 6}",0.37158199999976205,0.8833333333333333,0.9047120418848167,0.8833333333333333,0.8811472702213211,0.8559113300492611,0.8860485135896872,0.8559113300492611,0.8521472582114674,0.8806888068880688,0.9020351208914955,0.8806888068880688,0.8785117605835727
mushroom,ANFIS (Adaptive Neuro-Fuzzy Inference System),14,14,"{""learning_rate"": 0.05, ""max_train_samples"": 300, ""n_epochs"": 25, ""n_membership_functions"": 2, ""pca_components"": 6}",0.3700562000012724,0.89,0.9024464060529636,0.89,0.8886908758010376,0.8891625615763546,0.9059734485507085,0.8891625615763546,0.8875204441561031,0.8966789667896679,0.9069399571434901,0.8966789667896679,0.8956852880715129
mushroom,ANFIS (Adaptive Neuro-Fuzzy Inference System),14,14,"{""learning_rate"": 0.01, ""max_train_samples"": 300, ""n_epochs"": 10, ""n_membership_functions"": 3, ""pca_components"": 6}",0.2510385999994469,0.8833333333333333,0.9047120418848167,0.8833333333333333,0.8811472702213211,0.8694581280788177,0.8957151269851655,0.8694581280788177,0.8665215633620429,0.8905289052890529,0.9096326845621397,0.8905289052890529,0.8887521116554503
mushroom,ANFIS (Adaptive Neuro-Fuzzy Inference System),14,14,"{""learning_rate"": 0.01, ""max_train_samples"": 300, ""n_epochs"": 25, ""n_membership_functions"": 2, ""pca_components"": 8}",0.4815189000000828,0.86,0.8896969696969695,0.86,0.8563538652335675,0.8275862068965517,0.8706128219312804,0.8275862068965517,0.821077384105214,0.8499384993849939,0.8836539746612936,0.8499384993849939,0.8456066730252741
mushroom,ANFIS (Adaptive Neuro-Fuzzy Inference System),15,15,"{""learning_rate"": 0.01, ""max_train_samples"": 300, ""n_epochs"": 10, ""n_membership_functions"": 2, ""pca_components"": 6}",0.1959802999990643,0.8666666666666667,0.8905130353358633,0.8666666666666667,0.8634002578743782,0.8571428571428571,0.8880021282255919,0.8571428571428571,0.8533508157725277,0.8769987699876999,0.9006074513720186,0.8769987699876999,0.8745361797120038
mushroom,ANFIS (Adaptive Neuro-Fuzzy Inference System),15,15,"{""learning_rate"": 0.01, ""max_train_samples"": 300, ""n_epochs"": 25, ""n_membership_functions"": 2, ""pca_components"": 6}",0.37382419999994454,0.88,0.8994934869982084,0.88,0.8775696480938415,0.8842364532019704,0.905366110287436,0.8842364532019704,0.8821411007908602,0.897908979089791,0.9147215876920675,0.897908979089791,0.8964453739999481
mushroom,ANFIS (Adaptive Neuro-Fuzzy Inference System),15,15,"{""learning_rate"": 0.05, ""max_train_samples"": 300, ""n_epochs"": 25, ""n_membership_functions"": 2, ""pca_components"": 6}",0.36626690000048256,0.89,0.9064641148325359,0.89,0.8880925581342253,0.8891625615763546,0.9059734485507085,0.8891625615763546,0.8875204441561031,0.8954489544895449,0.9081193706229703,0.8954489544895449,0.8942523222008869
mushroom,ANFIS (Adaptive Neuro-Fuzzy Inference System),15,15,"{""learning_rate"": 0.01, ""max_train_samples"": 300, ""n_epochs"": 10, ""n_membership_functions"": 3, ""pca_components"": 6}",0.25302129999909084,0.88,0.8994934869982084,0.88,0.8775696480938415,0.8842364532019704,0.905366110287436,0.8842364532019704,0.8821411007908602,0.9003690036900369,0.9156059087747427,0.9003690036900369,0.8990598320980784
mushroom,ANFIS (Adaptive Neuro-Fuzzy Inference System),15,15,"{""learning_rate"": 0.01, ""max_train_samples"": 300, ""n_epochs"": 25, ""n_membership_functions"": 2, ""pca_components"": 8}",0.5007678000001761,0.87,0.8927256671899529,0.87,0.8669583213567118,0.8571428571428571,0.8880021282255919,0.8571428571428571,0.8533508157725277,0.8794587945879458,0.9022199470549618,0.8794587945879458,0.8771322394075005
mushroom,ANFIS (Adaptive Neuro-Fuzzy Inference System),16,16,"{""learning_rate"": 0.01, ""max_train_samples"": 300, ""n_epochs"": 10, ""n_membership_functions"": 2, ""pca_components"": 6}",0.19154859999980545,0.89,0.9095161290322581,0.89,0.8883999593123793,0.875615763546798,0.8996824453126474,0.875615763546798,0.8730530550470209,0.8929889298892989,0.9113156289043205,0.8929889298892989,0.891321078093957
mushroom,ANFIS (Adaptive Neuro-Fuzzy Inference System),16,16,"{""learning_rate"": 0.01, ""max_train_samples"": 300, ""n_epochs"": 25, ""n_membership_functions"": 2, ""pca_components"": 6}",0.3717905999983486,0.9033333333333333,0.9165833333333334,0.9033333333333333,0.902364611802814,0.8842364532019704,0.9043973771741466,0.8842364532019704,0.8822203000671581,0.9003690036900369,0.9156059087747427,0.9003690036900369,0.8990598320980784
mushroom,ANFIS (Adaptive Neuro-Fuzzy Inference System),16,16,"{""learning_rate"": 0.05, ""max_train_samples"": 300, ""n_epochs"": 25, ""n_membership_functions"": 2, ""pca_components"": 6}",0.3762970999996469,0.9066666666666666,0.9171172660879152,0.9066666666666666,0.905912457912458,0.8817733990147784,0.899046873608773,0.8817733990147784,0.8799473416001358,0.8954489544895449,0.9081193706229703,0.8954489544895449,0.8942523222008869
mushroom,ANFIS (Adaptive Neuro-Fuzzy Inference System),16,16,"{""learning_rate"": 0.01, ""max_train_samples"": 300, ""n_epochs"": 10, ""n_membership_functions"": 3, ""pca_components"": 6}",0.2516539999996894,0.9033333333333333,0.9146076625529561,0.9033333333333333,0.9024919417333976,0.8854679802955665,0.9052318093185551,0.8854679802955665,0.8835118670636356,0.8991389913899139,0.9139092186142876,0.8991389913899139,0.8978429789840453
mushroom,ANFIS (Adaptive Neuro-Fuzzy Inference System),16,16,"{""learning_rate"": 0.01, ""max_train_samples"": 300, ""n_epochs"": 25, ""n_membership_functions"": 2, ""pca_components"": 8}",0.4821627000019362,0.8966666666666666,0.9140760869565216,0.8966666666666666,0.8953293994200675,0.8805418719211823,0.9029114441676018,0.8805418719211823,0.8782539826776121,0.8905289052890529,0.9096326845621397,0.8905289052890529,0.8887521116554503
mushroom,ANFIS (Adaptive Neuro-Fuzzy Inference System),17,17,"{""learning_rate"": 0.01, ""max_train_samples"": 300, ""n_epochs"": 10, ""n_membership_functions"": 2, ""pca_components"": 6}",0.19101650000084192,0.81,0.8575,0.81,0.7966311300639658,0.7746305418719212,0.8429130101458258,0.7746305418719212,0.7603226692250311,0.7896678966789668,0.8504226089558192,0.7896678966789668,0.7780838112679731
mushroom,ANFIS (Adaptive Neuro-Fuzzy Inference System),17,17,"{""learning_rate"": 0.01, ""max_train_samples"": 300, ""n_epochs"": 25, ""n_membership_functions"": 2, ""pca_components"": 6}",0.37328469999920344,0.87,0.8941428571428571,0.87,0.8650782008413332,0.8325123152709359,0.87340697437893,0.8325123152709359,0.8265273931602859,0.8548585485854858,0.8866334860009083,0.8548585485854858,0.8509208239604918
mushroom,ANFIS (Adaptive Neuro-Fuzzy Inference System),17,17,"{""learning_rate"": 0.05, ""max_train_samples"": 300, ""n_epochs"": 25, ""n_membership_functions"": 2, ""pca_components"": 6}",0.3716332000003604,0.91,0.9202531397174255,0.91,0.9082370689151104,0.8830049261083743,0.9026140766112479,0.8830049261083743,0.8810067459252192,0.9003690036900369,0.9156059087747427,0.9003690036900369,0.8990598320980784
mushroom,ANFIS (Adaptive Neuro-Fuzzy Inference System),17,17,"{""learning_rate"": 0.01, ""max_train_samples"": 300, ""n_epochs"": 10, ""n_membership_functions"": 3, ""pca_components"": 6}",0.24805660000129137,0.9033333333333333,0.91735,0.9033333333333333,0.9009905954636942,0.8694581280788177,0.8957151269851655,0.8694581280788177,0.8665215633620429,0.8843788437884379,0.9054825111357909,0.8843788437884379,0.8823089630004439
mushroom,ANFIS (Adaptive Neuro-Fuzzy Inference System),17,17,"{""learning_rate"": 0.01, ""max_train_samples"": 300, ""n_epochs"": 25, ""n_membership_functions"": 2, ""pca_components"": 8}",0.4824598999985028,0.8,0.8519480519480519,0.8,0.7846223428312982,0.7635467980295566,0.8376071810284557,0.7635467980295566,0.7470261586157478,0.7724477244772447,0.8419150033084489,0.7724477244772447,0.7578033974538776
mushroom,ANFIS (Adaptive Neuro-Fuzzy Inference System),18,18,"{""learning_rate"": 0.01, ""max_train_samples"": 300, ""n_epochs"": 10, ""n_membership_functions"": 2, ""pca_components"": 6}",0.195900900002016,0.8833333333333333,0.902244807497467,0.8833333333333333,0.8814553058577516,0.8830049261083743,0.9035661349313479,0.8830049261083743,0.8809275037412356,0.9003690036900369,0.9156059087747427,0.9003690036900369,0.8990598320980784
mushroom,ANFIS (Adaptive Neuro-Fuzzy Inference System),18,18,"{""learning_rate"": 0.01, ""max_train_samples"": 300, ""n_epochs"": 25, ""n_membership_functions"": 2, ""pca_components"": 6}",0.3663304999972752,0.8766666666666667,0.8928362573099415,0.8766666666666667,0.8748917748917748,0.8830049261083743,0.9026140766112479,0.8830049261083743,0.8810067459252192,0.9003690036900369,0.9147920916960173,0.9003690036900369,0.8991174308256727
mushroom,ANFIS (Adaptive Neuro-Fuzzy Inference System),18,18,"{""learning_rate"": 0.05, ""max_train_samples"": 300, ""n_epochs"": 25, ""n_membership_functions"": 2, ""pca_components"": 6}",0.3691161999995529,0.88,0.8912020056641442,0.88,0.8787337662337662,0.8866995073891626,0.9025320711121539,0.8866995073891626,0.8850907384897534,0.8966789667896679,0.9062899494974331,0.8966789667896679,0.8957362288854676
mushroom,ANFIS (Adaptive Neuro-Fuzzy Inference System),18,18,"{""learning_rate"": 0.01, ""max_train_samples"": 300, ""n_epochs"": 10, ""n_membership_functions"": 3, ""pca_components"": 6}",0.2515020999999251,0.8766666666666667,0.8928362573099415,0.8766666666666667,0.8748917748917748,0.8879310344827587,0.9059972383783244,0.8879310344827587,0.8861642240344543,0.9015990159901599,0.9141443929652279,0.9015990159901599,0.9004994352552136
mushroom,ANFIS (Adaptive Neuro-Fuzzy Inference System),18,18,"{""learning_rate"": 0.01, ""max_train_samples"": 300, ""n_epochs"": 25, ""n_membership_functions"": 2, ""pca_components"": 8}",0.48168749999967986,0.8766666666666667,0.8977113237639552,0.8766666666666667,0.874458653026428,0.8842364532019704,0.905366110287436,0.8842364532019704,0.8821411007908602,0.8991389913899139,0.9155815415012998,0.8991389913899139,0.8977236830865367
mushroom,ANFIS (Adaptive Neuro-Fuzzy Inference System),19,19,"{""learning_rate"": 0.01, ""max_train_samples"": 300, ""n_epochs"": 10, ""n_membership_functions"": 2, ""pca_components"": 6}",0.1907783999995445,0.82,0.8641818181818182,0.82,0.8098803932012977,0.7783251231527094,0.8447169331901674,0.7783251231527094,0.764705631788588,0.7958179581795818,0.8535593873826303,0.7958179581795818,0.7852080595470773
mushroom,ANFIS (Adaptive Neuro-Fuzzy Inference System),19,19,"{""learning_rate"": 0.01, ""max_train_samples"": 300, ""n_epochs"": 25, ""n_membership_functions"": 2, ""pca_components"": 6}",0.37077339999814285,0.86,0.8882692307692307,0.86,0.8548521130093227,0.8201970443349754,0.8664955126367279,0.8201970443349754,0.8128443198983897,0.8437884378843789,0.8799907524622691,0.8437884378843789,0.8389271387235834
mushroom,ANFIS (Adaptive Neuro-Fuzzy Inference System),19,19,"{""learning_rate"": 0.05, ""max_train_samples"": 300, ""n_epochs"": 25, ""n_membership_functions"": 2, ""pca_components"": 6}",0.37551969999913126,0.89,0.9057818737371247,0.89,0.8875028768699655,0.8805418719211823,0.8999963439039408,0.8805418719211823,0.8785016247868027,0.8917589175891759,0.903915830233353,0.8917589175891759,0.8905493787807349
mushroom,ANFIS (Adaptive Neuro-Fuzzy Inference System),19,19,"{""learning_rate"": 0.01, ""max_train_samples"": 300, ""n_epochs"": 10, ""n_membership_functions"": 3, ""pca_components"": 6}",0.2518234000017401,0.8333333333333334,0.8719135802469136,0.8333333333333334,0.8251276878492403,0.7967980295566502,0.8540136014391634,0.7967980295566502,0.7862752169611642,0.8253382533825339,0.8693914825471523,0.8253382533825339,0.8186247049386381
mushroom,ANFIS (Adaptive Neuro-Fuzzy Inference System),19,19,"{""learning_rate"": 0.01, ""max_train_samples"": 300, ""n_epochs"": 25, ""n_membership_functions"": 2, ""pca_components"": 8}",0.48497130000032485,0.8166666666666667,0.8622926093514328,0.8166666666666667,0.8060244325557132,0.7733990147783252,0.8423156780523552,0.7733990147783252,0.7588563214697516,0.7884378843788438,0.8498016008827879,0.7884378843788438,0.7766517054890936
mushroom,ANFIS (Adaptive Neuro-Fuzzy Inference System),20,20,"{""learning_rate"": 0.01, ""max_train_samples"": 300, ""n_epochs"": 10, ""n_membership_functions"": 2, ""pca_components"": 6}",0.19490759999825968,0.74,0.8227755102040816,0.74,0.7106754802726709,0.7413793103448276,0.827449587409148,0.7413793103448276,0.71971813423236,0.7552275522755227,0.8337916121096695,0.7552275522755227,0.7369909528549213
mushroom,ANFIS (Adaptive Neuro-Fuzzy Inference System),20,20,"{""learning_rate"": 0.01, ""max_train_samples"": 300, ""n_epochs"": 25, ""n_membership_functions"": 2, ""pca_components"": 6}",0.3692325999982131,0.8,0.852863436123348,0.8,0.786102212803706,0.8066502463054187,0.859169124039068,0.8066502463054187,0.7975586660552177,0.8364083640836408,0.8756821683740305,0.8364083640836408,0.8308551790232542
mushroom,ANFIS (Adaptive Neuro-Fuzzy Inference System),20,20,"{""learning_rate"": 0.05, ""max_train_samples"": 300, ""n_epochs"": 25, ""n_membership_functions"": 2, ""pca_components"": 6}",0.3716229999990901,0.8866666666666667,0.9032990032671608,0.8866666666666667,0.8838718415767596,0.8891625615763546,0.9068510926970725,0.8891625615763546,0.8874506327501275,0.8966789667896679,0.9069399571434901,0.8966789667896679,0.8956852880715129
mushroom,ANFIS (Adaptive Neuro-Fuzzy Inference System),20,20,"{""learning_rate"": 0.01, ""max_train_samples"": 300, ""n_epochs"": 10, ""n_membership_functions"": 3, ""pca_components"": 6}",0.254812099999981,0.7966666666666666,0.8510672514619884,0.7966666666666666,0.7821150560872697,0.8251231527093597,0.8692306346192546,0.8251231527093597,0.8183408989647163,0.8364083640836408,0.8756821683740305,0.8364083640836408,0.8308551790232542
mushroom,ANFIS (Adaptive Neuro-Fuzzy Inference System),20,20,"{""learning_rate"": 0.01, ""max_train_samples"": 300, ""n_epochs"": 25, ""n_membership_functions"": 2, ""pca_components"": 8}",0.48972480000156793,0.7433333333333333,0.8243306010928961,0.7433333333333333,0.7150923673064792,0.7475369458128078,0.8302125466249075,0.7475369458128078,0.7274044758268151,0.7515375153751538,0.8320983851893093,0.7515375153751538,0.7324565347798282
mushroom,ANFIS (Adaptive Neuro-Fuzzy Inference System),21,21,"{""learning_rate"": 0.01, ""max_train_samples"": 300, ""n_epochs"": 10, ""n_membership_functions"": 2, ""pca_components"": 6}",0.2066013000003295,0.8266666666666667,0.8682027649769585,0.8266666666666667,0.8177914405110716,0.8004926108374384,0.8559303416167438,0.8004926108374384,0.7905236514612138,0.8290282902829028,0.8714659110876822,0.8290282902829028,0.8227184318639289
mushroom,ANFIS (Adaptive Neuro-Fuzzy Inference System),21,21,"{""learning_rate"": 0.01, ""max_train_samples"": 300, ""n_epochs"": 25, ""n_membership_functions"": 2, ""pca_components"": 6}",0.37962379999953555,0.87,0.8948529411764707,0.87,0.8658958927251611,0.8362068965517241,0.8755290675961659,0.8362068965517241,0.8305953115655045,0.8585485854858549,0.888897303152136,0.8585485854858549,0.8548898621392697
mushroom,ANFIS (Adaptive Neuro-Fuzzy Inference System),21,21,"{""learning_rate"": 0.05, ""max_train_samples"": 300, ""n_epochs"": 25, ""n_membership_functions"": 2, ""pca_components"": 6}",0.37381960000129766,0.9033333333333333,0.915625,0.9033333333333333,0.9016184251478369,0.8842364532019704,0.9034550687935641,0.8842364532019704,0.882297918530094,0.8966789667896679,0.9097743899108517,0.8966789667896679,0.8954680791041875
mushroom,ANFIS (Adaptive Neuro-Fuzzy Inference System),21,21,"{""learning_rate"": 0.01, ""max_train_samples"": 300, ""n_epochs"": 10, ""n_membership_functions"": 3, ""pca_components"": 6}",0.24983500000234926,0.9,0.9153846153846155,0.9,0.8979166666666667,0.8793103448275862,0.9020995282705467,0.8793103448275862,0.8769557177365032,0.8954489544895449,0.9130118771543447,0.8954489544895449,0.8938854639876316
mushroom,ANFIS (Adaptive Neuro-Fuzzy Inference System),21,21,"{""learning_rate"": 0.01, ""max_train_samples"": 300, ""n_epochs"": 25, ""n_membership_functions"": 2, ""pca_components"": 8}",0.4845281999987492,0.8133333333333334,0.860633484162896,0.8133333333333334,0.802450244540216,0.7955665024630542,0.8533790418005892,0.7955665024630542,0.7848543936906006,0.8241082410824109,0.86870491045336,0.8241082410824109,0.8172562669266469
