dataset,algorithm,run,random_state,params,elapsed_seconds,train_accuracy,train_precision,train_recall,train_f1,val_accuracy,val_precision,val_recall,val_f1,test_accuracy,test_precision,test_recall,test_f1
adult,Bernoulli RBM + Regressão Logística,1,1,"{""learning_rate"": 0.01, ""n_components"": 32, ""n_iter"": 10}",1.4267730999999912,0.8118530315094984,0.7985180303618514,0.8118530315094984,0.8002960019901892,0.8194539249146757,0.8071516653547749,0.8194539249146757,0.8079623140938593,0.815080177413852,0.8013246401809696,0.815080177413852,0.8011657381396301
adult,Bernoulli RBM + Regressão Logística,1,1,"{""learning_rate"": 0.01, ""n_components"": 64, ""n_iter"": 10}",2.1275810999977693,0.813331816630645,0.7996502500090173,0.813331816630645,0.8005327376772536,0.8174061433447098,0.8041837034701769,0.8174061433447098,0.803893918814838,0.8219037871033776,0.8094792916969882,0.8219037871033776,0.8079095896386781
adult,Bernoulli RBM + Regressão Logística,1,1,"{""learning_rate"": 0.01, ""n_components"": 64, ""n_iter"": 20}",4.03159709999818,0.8177681719940849,0.8053449629268354,0.8177681719940849,0.806528091454648,0.8238907849829351,0.8120972791698482,0.8238907849829351,0.8117832255554251,0.8232685090412828,0.8112263968296598,0.8232685090412828,0.8104048402388276
adult,Bernoulli RBM + Regressão Logística,1,1,"{""learning_rate"": 0.01, ""n_components"": 128, ""n_iter"": 20}",6.492379299997992,0.8187919463087249,0.8065786343146252,0.8187919463087249,0.8077302118549267,0.8228668941979522,0.8109359692362218,0.8228668941979522,0.8108997896671495,0.8249744114636642,0.8132437779617925,0.8249744114636642,0.8120204122498541
adult,Bernoulli RBM + Regressão Logística,1,1,"{""learning_rate"": 0.05, ""n_components"": 64, ""n_iter"": 20}",3.754202799998893,0.8217495165510181,0.8103347528454881,0.8217495165510181,0.8116719402246643,0.8249146757679181,0.813675546487532,0.8249146757679181,0.8143075348616213,0.8239508700102354,0.812104813946634,0.8239508700102354,0.8115640568440742
adult,Bernoulli RBM + Regressão Logística,2,2,"{""learning_rate"": 0.01, ""n_components"": 32, ""n_iter"": 10}",1.3984456999969552,0.8086679558639518,0.7936594085639198,0.8086679558639518,0.7943365356330724,0.8167235494880546,0.8031890542181287,0.8167235494880546,0.8022472415435208,0.8154213578983283,0.8014332889383571,0.8154213578983283,0.7995741586833479
adult,Bernoulli RBM + Regressão Logística,2,2,"{""learning_rate"": 0.01, ""n_components"": 64, ""n_iter"": 10}",2.1579968000005465,0.8141280855420316,0.8002913365559787,0.8141280855420316,0.8004597402539594,0.8232081911262799,0.8110712677538616,0.8232081911262799,0.8090200429700086,0.8222449675878539,0.8098775807016986,0.8222449675878539,0.807598692029827
adult,Bernoulli RBM + Regressão Logística,2,2,"{""learning_rate"": 0.01, ""n_components"": 64, ""n_iter"": 20}",4.0223212000018975,0.8178819246957115,0.8055263797180569,0.8178819246957115,0.8067646385309089,0.8225255972696246,0.8105515855340908,0.8225255972696246,0.8106055391605207,0.8249744114636642,0.8132569620851408,0.8249744114636642,0.8121635700548684
adult,Bernoulli RBM + Regressão Logística,2,2,"{""learning_rate"": 0.01, ""n_components"": 128, ""n_iter"": 20}",6.521467200000188,0.8203844841314981,0.8084382649562778,0.8203844841314981,0.8094655215875948,0.8235494880546075,0.811806612870628,0.8235494880546075,0.8119063693660908,0.827021494370522,0.8157053164392966,0.827021494370522,0.8143604873641681
adult,Bernoulli RBM + Regressão Logística,2,2,"{""learning_rate"": 0.05, ""n_components"": 64, ""n_iter"": 20}",3.7761587999993935,0.8222045273575247,0.8109359364537346,0.8222045273575247,0.812327915266459,0.825938566552901,0.8150168958696351,0.825938566552901,0.8158527613260173,0.8263391334015694,0.8151947380213653,0.8263391334015694,0.8154181614692186
adult,Bernoulli RBM + Regressão Logística,3,3,"{""learning_rate"": 0.01, ""n_components"": 32, ""n_iter"": 10}",1.3833903999984614,0.8073029234444318,0.7931670985790128,0.8073029234444318,0.7953190146772099,0.8146757679180887,0.8014648194334908,0.8146757679180887,0.8025920641713754,0.8130330945069942,0.7990987485951442,0.8130330945069942,0.7997275547303334
adult,Bernoulli RBM + Regressão Logística,3,3,"{""learning_rate"": 0.01, ""n_components"": 64, ""n_iter"": 10}",2.1298569999999017,0.810260493686725,0.7959717460222567,0.810260493686725,0.7971248944286345,0.8174061433447098,0.8041837034701769,0.8174061433447098,0.803893918814838,0.8167860798362334,0.8032509131634213,0.8167860798362334,0.8023126972034752
adult,Bernoulli RBM + Regressão Logística,3,3,"{""learning_rate"": 0.01, ""n_components"": 64, ""n_iter"": 20}",4.037388400000054,0.8166306449778182,0.8036679571324669,0.8166306449778182,0.8044201636288949,0.8215017064846416,0.8092262804439181,0.8215017064846416,0.8090159974816002,0.8239508700102354,0.8119702924434843,0.8239508700102354,0.8102651083688148
adult,Bernoulli RBM + Regressão Logística,3,3,"{""learning_rate"": 0.01, ""n_components"": 128, ""n_iter"": 20}",6.486332299999049,0.8198157206233648,0.8074975399980863,0.8198157206233648,0.8080993805009905,0.8215017064846416,0.8091673314936262,0.8215017064846416,0.8087285603139726,0.8287273967929034,0.8177581087804269,0.8287273967929034,0.815412954265785
adult,Bernoulli RBM + Regressão Logística,3,3,"{""learning_rate"": 0.05, ""n_components"": 64, ""n_iter"": 20}",3.780512199999066,0.8223182800591514,0.8100499495792092,0.8223182800591514,0.8088627063075126,0.822184300341297,0.8098615705786526,0.822184300341297,0.8085854674589531,0.8297509382463323,0.8190738091247658,0.8297509382463323,0.8158687530712763
adult,Bernoulli RBM + Regressão Logística,4,4,"{""learning_rate"": 0.01, ""n_components"": 32, ""n_iter"": 10}",1.387965299996722,0.8115117734046183,0.7974222436902696,0.8115117734046183,0.798387515218557,0.821160409556314,0.8088058973326814,0.821160409556314,0.8085790715714936,0.8171272603207097,0.8035844826100413,0.8171272603207097,0.8019808293690337
adult,Bernoulli RBM + Regressão Logística,4,4,"{""learning_rate"": 0.01, ""n_components"": 64, ""n_iter"": 10}",2.124199199999566,0.8173131611875782,0.8045027927326909,0.8173131611875782,0.8052437335780311,0.8245733788395905,0.8127976511499014,0.8245733788395905,0.8118065076671411,0.8212214261344251,0.8086629688223743,0.8212214261344251,0.8073234821419748
adult,Bernoulli RBM + Regressão Logística,4,4,"{""learning_rate"": 0.01, ""n_components"": 64, ""n_iter"": 20}",4.041412599999603,0.8192469571152314,0.8070120708504974,0.8192469571152314,0.8079827509089288,0.821160409556314,0.808985928332869,0.821160409556314,0.8092894743678472,0.8256567724326168,0.8140730802031926,0.8256567724326168,0.812895875824635
adult,Bernoulli RBM + Regressão Logística,4,4,"{""learning_rate"": 0.01, ""n_components"": 128, ""n_iter"": 20}",6.486971300000732,0.8186781936070981,0.8062183479938179,0.8186781936070981,0.8070288555492802,0.8208191126279863,0.8084874683165686,0.8208191126279863,0.8085716285752372,0.8273626748549983,0.8161011164600511,0.8273626748549983,0.8140862172740818
adult,Bernoulli RBM + Regressão Logística,4,4,"{""learning_rate"": 0.05, ""n_components"": 64, ""n_iter"": 20}",3.756787999998778,0.8247070867933114,0.8131251183610826,0.8247070867933114,0.8129193581572288,0.825938566552901,0.8144285272628791,0.825938566552901,0.8132710484635057,0.8229273285568065,0.8107452558289235,0.8229273285568065,0.8093834173119928
adult,Bernoulli RBM + Regressão Logística,5,5,"{""learning_rate"": 0.01, ""n_components"": 32, ""n_iter"": 10}",1.40769409999848,0.8108292571948584,0.7976915651485698,0.8108292571948584,0.7998525350253765,0.816382252559727,0.8036040925825804,0.816382252559727,0.8047660648001375,0.8161037188672808,0.8027721141471286,0.8161037188672808,0.8030908231709876
adult,Bernoulli RBM + Regressão Logística,5,5,"{""learning_rate"": 0.01, ""n_components"": 64, ""n_iter"": 10}",2.138882100000046,0.8141280855420316,0.8015638454122881,0.8141280855420316,0.80350457102023,0.8201365187713311,0.8078063793636965,0.8201365187713311,0.8082681946923208,0.8188331627430911,0.806051966374443,0.8188331627430911,0.8061589647793717
adult,Bernoulli RBM + Regressão Logística,5,5,"{""learning_rate"": 0.01, ""n_components"": 64, ""n_iter"": 20}",4.058814899999561,0.8183369355022182,0.8063462025303987,0.8183369355022182,0.8078863092108532,0.8242320819112628,0.8126066595720143,0.8242320819112628,0.8126340043008448,0.8256567724326168,0.8141193176546042,0.8256567724326168,0.8133198713179493
adult,Bernoulli RBM + Regressão Logística,5,5,"{""learning_rate"": 0.01, ""n_components"": 128, ""n_iter"": 20}",6.567374599999312,0.8195882152201115,0.8075854898084901,0.8195882152201115,0.8087804677927579,0.8215017064846416,0.8093288591398549,0.8215017064846416,0.8094423699343336,0.8263391334015694,0.8149298321908524,0.8263391334015694,0.8140505176141607
adult,Bernoulli RBM + Regressão Logística,5,5,"{""learning_rate"": 0.05, ""n_components"": 64, ""n_iter"": 20}",3.763990499999636,0.8209532476396314,0.8097238261266734,0.8209532476396314,0.8114220825827685,0.8228668941979522,0.8116388882185102,0.8228668941979522,0.8129325416752958,0.8191743432275674,0.8068419691051364,0.8191743432275674,0.8077330946468011
adult,Bernoulli RBM + Regressão Logística,6,6,"{""learning_rate"": 0.01, ""n_components"": 32, ""n_iter"": 10}",1.3980532999994466,0.8100329882834717,0.7964638794889246,0.8100329882834717,0.7984606684930721,0.8167235494880546,0.8039150721245949,0.8167235494880546,0.8049160771566429,0.8120095530535654,0.7978018009069753,0.8120095530535654,0.7984028367784518
adult,Bernoulli RBM + Regressão Logística,6,6,"{""learning_rate"": 0.01, ""n_components"": 64, ""n_iter"": 10}",2.165273200000229,0.816061881469685,0.8028731869417947,0.816061881469685,0.8034499919708221,0.8228668941979522,0.8106984030467328,0.8228668941979522,0.8094670884745531,0.8215626066189013,0.8090394336889852,0.8215626066189013,0.8068601073543177
adult,Bernoulli RBM + Regressão Logística,6,6,"{""learning_rate"": 0.01, ""n_components"": 64, ""n_iter"": 20}",4.039102099999582,0.8192469571152314,0.8071625842888481,0.8192469571152314,0.8083503295605861,0.8201365187713311,0.8076821335602634,0.8201365187713311,0.8078423776364761,0.8249744114636642,0.8132894951825722,0.8249744114636642,0.8124479733899362
adult,Bernoulli RBM + Regressão Logística,6,6,"{""learning_rate"": 0.01, ""n_components"": 128, ""n_iter"": 20}",6.594953499999974,0.8199294733249914,0.8077522916819514,0.8199294733249914,0.8085693542967692,0.8215017064846416,0.8091673314936262,0.8215017064846416,0.8087285603139726,0.8290685772773797,0.8181550149606138,0.8290685772773797,0.8161360948236335
adult,Bernoulli RBM + Regressão Logística,6,6,"{""learning_rate"": 0.05, ""n_components"": 64, ""n_iter"": 20}",3.777583600000071,0.8242520759868047,0.8127520136467099,0.8242520759868047,0.8130742406595155,0.8242320819112628,0.8126412666698852,0.8242320819112628,0.8127714789102363,0.827021494370522,0.8157053164392966,0.827021494370522,0.8143604873641681
adult,Bernoulli RBM + Regressão Logística,7,7,"{""learning_rate"": 0.01, ""n_components"": 32, ""n_iter"": 10}",1.3830703999992693,0.8107155044932317,0.797437954130587,0.8107155044932317,0.7995190849539557,0.821160409556314,0.808985928332869,0.821160409556314,0.8092894743678472,0.8154213578983283,0.8019163968080213,0.8154213578983283,0.8022112156022524
adult,Bernoulli RBM + Regressão Logística,7,7,"{""learning_rate"": 0.01, ""n_components"": 64, ""n_iter"": 10}",2.1642934999981662,0.8152656125582982,0.8019247278353644,0.8152656125582982,0.802574640544631,0.8204778156996587,0.8078108127160556,0.8204778156996587,0.8068229613560294,0.8205390651654725,0.8078091510136798,0.8205390651654725,0.8062865137888038
adult,Bernoulli RBM + Regressão Logística,7,7,"{""learning_rate"": 0.01, ""n_components"": 64, ""n_iter"": 20}",4.069385899998451,0.8182231828005915,0.8054611212660473,0.8182231828005915,0.8058796845430574,0.8215017064846416,0.8091958500229847,0.8215017064846416,0.8088725998161154,0.8253155919481405,0.8136239542540392,0.8253155919481405,0.8117359214822348
adult,Bernoulli RBM + Regressão Logística,7,7,"{""learning_rate"": 0.01, ""n_components"": 128, ""n_iter"": 20}",6.571681699999317,0.8197019679217381,0.8076496177203633,0.8197019679217381,0.8087415147031906,0.8228668941979522,0.8110065661692417,0.8228668941979522,0.8111787344313368,0.8280450358239508,0.816940428764375,0.8280450358239508,0.8156687402726586
adult,Bernoulli RBM + Regressão Logística,7,7,"{""learning_rate"": 0.05, ""n_components"": 64, ""n_iter"": 20}",3.804032100000768,0.8226595381640314,0.8106619511960065,0.8226595381640314,0.8105000231802794,0.8201365187713311,0.8076821335602634,0.8201365187713311,0.8078423776364761,0.8239508700102354,0.8119634204902318,0.8239508700102354,0.8098203680135886
adult,Bernoulli RBM + Regressão Logística,8,8,"{""learning_rate"": 0.01, ""n_components"": 32, ""n_iter"": 10}",1.413342300002114,0.8100329882834717,0.7957883120821162,0.8100329882834717,0.7970831472977308,0.816382252559727,0.8029384827255646,0.816382252559727,0.802718921115335,0.8188331627430911,0.8057239646732185,0.8188331627430911,0.804368596465474
adult,Bernoulli RBM + Regressão Logística,8,8,"{""learning_rate"": 0.01, ""n_components"": 64, ""n_iter"": 10}",2.1351448000023083,0.8134455693322716,0.7999087330629483,0.8134455693322716,0.800974071689907,0.8242320819112628,0.8123816408836734,0.8242320819112628,0.8113687378252267,0.8205390651654725,0.8078361379170969,0.8205390651654725,0.8065880755852647
adult,Bernoulli RBM + Regressão Logística,8,8,"{""learning_rate"": 0.01, ""n_components"": 64, ""n_iter"": 20}",4.065044200000557,0.8177681719940849,0.8053253256616291,0.8177681719940849,0.806481630844412,0.821160409556314,0.8089083786874088,0.821160409556314,0.8090072135766708,0.8219037871033776,0.8095960513788275,0.8219037871033776,0.8089407849510964
adult,Bernoulli RBM + Regressão Logística,8,8,"{""learning_rate"": 0.01, ""n_components"": 128, ""n_iter"": 20}",6.5359443000015744,0.8195882152201115,0.8073991630483291,0.8195882152201115,0.8083222004079414,0.821160409556314,0.8088381883949344,0.821160409556314,0.8087224230382524,0.8259979529170931,0.8144542790792452,0.8259979529170931,0.8127611094935608
adult,Bernoulli RBM + Regressão Logística,8,8,"{""learning_rate"": 0.05, ""n_components"": 64, ""n_iter"": 20}",3.74115090000123,0.824820839494938,0.8130770627965386,0.824820839494938,0.8117473630727889,0.8197952218430035,0.8070102159592997,0.8197952218430035,0.8062374844540282,0.8222449675878539,0.8098847794060577,0.8222449675878539,0.8072925361271236
adult,Bernoulli RBM + Regressão Logística,9,9,"{""learning_rate"": 0.01, ""n_components"": 32, ""n_iter"": 10}",1.4122162999992725,0.8121942896143783,0.799257121148683,0.8121942896143783,0.8012967740991561,0.8191126279863481,0.8067284870486194,0.8191126279863481,0.8075292603227016,0.8161037188672808,0.8028641068347699,0.8161037188672808,0.8033856638297316
adult,Bernoulli RBM + Regressão Logística,9,9,"{""learning_rate"": 0.01, ""n_components"": 64, ""n_iter"": 10}",2.1355464000007487,0.8157206233648049,0.8030823528047092,0.8157206233648049,0.8045881203382476,0.8218430034129692,0.8096462252115393,0.8218430034129692,0.8094524901258927,0.8188331627430911,0.805853158337584,0.8188331627430911,0.8052757923172553
adult,Bernoulli RBM + Regressão Logística,9,9,"{""learning_rate"": 0.01, ""n_components"": 64, ""n_iter"": 20}",4.027469299999211,0.8184506882038448,0.8062742269959269,0.8184506882038448,0.8075747960890555,0.8208191126279863,0.8084514724417518,0.8208191126279863,0.80842896193781,0.8236096895257591,0.8116877740458593,0.8236096895257591,0.8111279324293146
adult,Bernoulli RBM + Regressão Logística,9,9,"{""learning_rate"": 0.01, ""n_components"": 128, ""n_iter"": 20}",6.463547999999719,0.8189056990103515,0.8065179931406103,0.8189056990103515,0.8073644909481054,0.8201365187713311,0.8075420741324894,0.8201365187713311,0.8072656812341559,0.8249744114636642,0.8132437779617925,0.8249744114636642,0.8120204122498541
adult,Bernoulli RBM + Regressão Logística,9,9,"{""learning_rate"": 0.05, ""n_components"": 64, ""n_iter"": 20}",3.7448588000006566,0.8228870435672847,0.8110813385514316,0.8228870435672847,0.8113474046407466,0.8245733788395905,0.8129596003820064,0.8245733788395905,0.8127908598625146,0.8229273285568065,0.8107728372867373,0.8229273285568065,0.809676339383532
adult,Bernoulli RBM + Regressão Logística,10,10,"{""learning_rate"": 0.01, ""n_components"": 32, ""n_iter"": 10}",1.4175742000006721,0.8087817085655784,0.7945130958547281,0.8087817085655784,0.7961736112767366,0.8204778156996587,0.8079637985915463,0.8204778156996587,0.8077039147532351,0.8147389969293757,0.8008953423718049,0.8147389969293757,0.8007223542699261
adult,Bernoulli RBM + Regressão Logística,10,10,"{""learning_rate"": 0.01, ""n_components"": 64, ""n_iter"": 10}",2.141946100000496,0.813673074735525,0.8001566183965632,0.813673074735525,0.8011678496667826,0.8208191126279863,0.8082997222546864,0.8208191126279863,0.8077059948703768,0.8219037871033776,0.8094897997276519,0.8219037871033776,0.8080588886986848
adult,Bernoulli RBM + Regressão Logística,10,10,"{""learning_rate"": 0.01, ""n_components"": 64, ""n_iter"": 20}",4.039290200002142,0.8191332044136048,0.8068891882110971,0.8191332044136048,0.8078850255825052,0.8235494880546075,0.8116799994890681,0.8235494880546075,0.8113481396606623,0.8253155919481405,0.8136314113410114,0.8253155919481405,0.8120268393347122
adult,Bernoulli RBM + Regressão Logística,10,10,"{""learning_rate"": 0.01, ""n_components"": 128, ""n_iter"": 20}",6.4674759000008635,0.8184506882038448,0.8063574438190576,0.8184506882038448,0.8077573522375563,0.8238907849829351,0.812260537092868,0.8238907849829351,0.8124765692708409,0.8266803138860457,0.8153274905504261,0.8266803138860457,0.8143459813923529
adult,Bernoulli RBM + Regressão Logística,10,10,"{""learning_rate"": 0.05, ""n_components"": 64, ""n_iter"": 20}",3.744305299998814,0.8250483448981913,0.8136371953402329,0.8250483448981913,0.8137629969191446,0.8273037542662116,0.8161284345890927,0.8273037542662116,0.8154308374632658,0.8242920504947117,0.8124408439670888,0.8242920504947117,0.8114312642851017
adult,Bernoulli RBM + Regressão Logística,11,11,"{""learning_rate"": 0.01, ""n_components"": 32, ""n_iter"": 10}",1.374868900002184,0.8094642247753384,0.7950844226875827,0.8094642247753384,0.7963999607613649,0.8187713310580205,0.8057409753463868,0.8187713310580205,0.8049114841088371,0.8147389969293757,0.8008590418548666,0.8147389969293757,0.8005687776501197
adult,Bernoulli RBM + Regressão Logística,11,11,"{""learning_rate"": 0.01, ""n_components"": 64, ""n_iter"": 10}",2.1200675000000047,0.8161756341713116,0.8031513911464818,0.8161756341713116,0.8039829898933619,0.8232081911262799,0.811187696481704,0.8232081911262799,0.8104855885980651,0.8212214261344251,0.8086629688223743,0.8212214261344251,0.8073234821419748
adult,Bernoulli RBM + Regressão Logística,11,11,"{""learning_rate"": 0.01, ""n_components"": 64, ""n_iter"": 20}",4.00694509999812,0.8182231828005915,0.8059914379362887,0.8182231828005915,0.8072877958667192,0.8232081911262799,0.811503016796413,0.8232081911262799,0.8118870883908667,0.8259979529170931,0.8145005414258795,0.8259979529170931,0.8134743205139998
adult,Bernoulli RBM + Regressão Logística,11,11,"{""learning_rate"": 0.01, ""n_components"": 128, ""n_iter"": 20}",6.443481900001643,0.8202707314298715,0.8079276511801874,0.8202707314298715,0.8082555080914957,0.8197952218430035,0.8070611893299572,0.8197952218430035,0.8065335647474053,0.827021494370522,0.8156987456322068,0.827021494370522,0.813356680599929
adult,Bernoulli RBM + Regressão Logística,11,11,"{""learning_rate"": 0.05, ""n_components"": 64, ""n_iter"": 20}",3.758746199997404,0.8243658286884313,0.8130015422581418,0.8243658286884313,0.8135774045180484,0.8255972696245734,0.8142709385471537,0.8255972696245734,0.8143614812421686,0.8249744114636642,0.813232676761314,0.8249744114636642,0.8118766129166705
adult,Bernoulli RBM + Regressão Logística,12,12,"{""learning_rate"": 0.01, ""n_components"": 32, ""n_iter"": 10}",1.3919927000024472,0.8098054828802184,0.7956319767337542,0.8098054828802184,0.797090638942393,0.8180887372013652,0.804971692949779,0.8180887372013652,0.8044775840216516,0.8195155237120437,0.8065558619105998,0.8195155237120437,0.8051054379100485
adult,Bernoulli RBM + Regressão Logística,12,12,"{""learning_rate"": 0.01, ""n_components"": 64, ""n_iter"": 10}",2.09966440000062,0.8166306449778182,0.8038679765362303,0.8166306449778182,0.804944446864539,0.8255972696245734,0.8141501894289557,0.8255972696245734,0.813814629132781,0.8242920504947117,0.8123929581579331,0.8242920504947117,0.8108525239223049
adult,Bernoulli RBM + Regressão Logística,12,12,"{""learning_rate"": 0.01, ""n_components"": 64, ""n_iter"": 20}",4.063437200002227,0.8190194517119782,0.8068609704844488,0.8190194517119782,0.808017507818786,0.8232081911262799,0.811321706946583,0.8232081911262799,0.8111941538792281,0.8236096895257591,0.8116077321897759,0.8236096895257591,0.8105546844701259
adult,Bernoulli RBM + Regressão Logística,12,12,"{""learning_rate"": 0.01, ""n_components"": 128, ""n_iter"": 20}",6.503555599996616,0.8212945057445115,0.80923340852091,0.8212945057445115,0.8096975212583061,0.822184300341297,0.8100352267186738,0.822184300341297,0.8097463378353991,0.8259979529170931,0.8144514374992293,0.8259979529170931,0.8126165431023354
adult,Bernoulli RBM + Regressão Logística,12,12,"{""learning_rate"": 0.05, ""n_components"": 64, ""n_iter"": 20}",3.732283199999074,0.823797065180298,0.8125293855705095,0.823797065180298,0.8134848053266256,0.8255972696245734,0.814421613073713,0.8255972696245734,0.8148986726276387,0.8222449675878539,0.8101259264612033,0.8222449675878539,0.8099516342398706
adult,Bernoulli RBM + Regressão Logística,13,13,"{""learning_rate"": 0.01, ""n_components"": 32, ""n_iter"": 10}",1.4054942000002484,0.8125355477192583,0.7995316996204744,0.8125355477192583,0.8014467860601676,0.8167235494880546,0.8036554597787371,0.8167235494880546,0.8041961229426713,0.8184919822586149,0.805590245377257,0.8184919822586149,0.8055749253951411
adult,Bernoulli RBM + Regressão Logística,13,13,"{""learning_rate"": 0.01, ""n_components"": 64, ""n_iter"": 10}",2.13373700000011,0.8154931179615516,0.8027532358477169,0.8154931179615516,0.8042065839974177,0.8215017064846416,0.8091958500229847,0.8215017064846416,0.8088725998161154,0.8215626066189013,0.8091536635317511,0.8215626066189013,0.8083560928005334
adult,Bernoulli RBM + Regressão Logística,13,13,"{""learning_rate"": 0.01, ""n_components"": 64, ""n_iter"": 20}",4.025678199999675,0.8176544192924582,0.8053458285199006,0.8176544192924582,0.8067078297294539,0.8235494880546075,0.8118429490101429,0.8235494880546075,0.8120443778574604,0.8239508700102354,0.8120606540873837,0.8239508700102354,0.8112799007553408
adult,Bernoulli RBM + Regressão Logística,13,13,"{""learning_rate"": 0.01, ""n_components"": 128, ""n_iter"": 20}",6.476980799998273,0.8203844841314981,0.8082980377623928,0.8203844841314981,0.8090991707868105,0.8242320819112628,0.8125739245270103,0.8242320819112628,0.8124959154339972,0.8290685772773797,0.8181670834589544,0.8290685772773797,0.8158520636132169
adult,Bernoulli RBM + Regressão Logística,13,13,"{""learning_rate"": 0.05, ""n_components"": 64, ""n_iter"": 20}",3.74820660000114,0.8232283016721648,0.8113803059807364,0.8232283016721648,0.8113178741448269,0.8225255972696246,0.810517264193525,0.8225255972696246,0.8104651737783756,0.827021494370522,0.8156925162358909,0.827021494370522,0.8140768864498088
adult,Bernoulli RBM + Regressão Logística,14,14,"{""learning_rate"": 0.01, ""n_components"": 32, ""n_iter"": 10}",1.3952103000010538,0.8162893868729383,0.8027214810780587,0.8162893868729383,0.8020464864165328,0.8242320819112628,0.8123204309627954,0.8242320819112628,0.8103488443108253,0.8229273285568065,0.8107478795072092,0.8229273285568065,0.8077245625816221
adult,Bernoulli RBM + Regressão Logística,14,14,"{""learning_rate"": 0.01, ""n_components"": 64, ""n_iter"": 10}",2.129948699999659,0.8137868274371516,0.8004396225453941,0.8137868274371516,0.8016542719312153,0.8238907849829351,0.8120453379850199,0.8238907849829351,0.8115015284940663,0.8215626066189013,0.8090703656939359,0.8215626066189013,0.8076164766433349
adult,Bernoulli RBM + Regressão Logística,14,14,"{""learning_rate"": 0.01, ""n_components"": 64, ""n_iter"": 20}",4.021475800000189,0.8184506882038448,0.8057588471127396,0.8184506882038448,0.8062183572298223,0.8218430034129692,0.8095872012687853,0.8218430034129692,0.8091662423976973,0.8236096895257591,0.811560421723579,0.8236096895257591,0.8099710915928806
adult,Bernoulli RBM + Regressão Logística,14,14,"{""learning_rate"": 0.01, ""n_components"": 128, ""n_iter"": 20}",6.466532300000836,0.8191332044136048,0.8069260784490814,0.8191332044136048,0.8079773192340138,0.8238907849829351,0.8121261496996409,0.8238907849829351,0.8119231339800805,0.8253155919481405,0.8136586450648944,0.8253155919481405,0.8124583634091788
adult,Bernoulli RBM + Regressão Logística,14,14,"{""learning_rate"": 0.05, ""n_components"": 64, ""n_iter"": 20}",3.734776299999794,0.8239108178819247,0.8123093586078013,0.8239108178819247,0.8125520931279815,0.8273037542662116,0.816170286845894,0.8273037542662116,0.8157046207985066,0.824633230979188,0.8127963462985612,0.824633230979188,0.8105574983701249
adult,Bernoulli RBM + Regressão Logística,15,15,"{""learning_rate"": 0.01, ""n_components"": 32, ""n_iter"": 10}",1.3920440999972925,0.8099192355818451,0.7957998974776799,0.8099192355818451,0.7972867409629657,0.8197952218430035,0.8071198936707693,0.8197952218430035,0.8068270092273712,0.817468440805186,0.8040807686613404,0.817468440805186,0.8030489627632389
adult,Bernoulli RBM + Regressão Logística,15,15,"{""learning_rate"": 0.01, ""n_components"": 64, ""n_iter"": 10}",2.1293914999987464,0.8184506882038448,0.8059187038587065,0.8184506882038448,0.8066927063893572,0.8255972696245734,0.8140144083352683,0.8255972696245734,0.8128338350071667,0.8225861480723302,0.8103166306329294,0.8225861480723302,0.8087942952553947
adult,Bernoulli RBM + Regressão Logística,15,15,"{""learning_rate"": 0.01, ""n_components"": 64, ""n_iter"": 20}",4.007812299998477,0.8192469571152314,0.8074983045727805,0.8192469571152314,0.8090725337227196,0.8225255972696246,0.8107506936299711,0.8225255972696246,0.8112980551971588,0.8280450358239508,0.8170108222095355,0.8280450358239508,0.8163579910210184
adult,Bernoulli RBM + Regressão Logística,15,15,"{""learning_rate"": 0.01, ""n_components"": 128, ""n_iter"": 20}",6.495554599998286,0.8191332044136048,0.8070411651821382,0.8191332044136048,0.8082525628461098,0.8235494880546075,0.811806612870628,0.8235494880546075,0.8119063693660908,0.8283862163084271,0.817333892391834,0.8283862163084271,0.8156847316991747
adult,Bernoulli RBM + Regressão Logística,15,15,"{""learning_rate"": 0.05, ""n_components"": 64, ""n_iter"": 20}",3.755264299998089,0.823114548970538,0.8110865912396484,0.823114548970538,0.8103709520375199,0.822184300341297,0.8099324897062811,0.822184300341297,0.8091710920523167,0.8242920504947117,0.8124597276973569,0.8242920504947117,0.8090527404788456
adult,Bernoulli RBM + Regressão Logística,16,16,"{""learning_rate"": 0.01, ""n_components"": 32, ""n_iter"": 10}",1.3907144000004337,0.8034353315891253,0.787715114285043,0.8034353315891253,0.7894593432028842,0.8109215017064847,0.7962407315586373,0.8109215017064847,0.796382696021755,0.8120095530535654,0.7973366982617452,0.8120095530535654,0.796680727339225
adult,Bernoulli RBM + Regressão Logística,16,16,"{""learning_rate"": 0.01, ""n_components"": 64, ""n_iter"": 10}",2.1271605000001728,0.8159481287680582,0.8026673963828976,0.8159481287680582,0.8031082291518422,0.8252559726962457,0.8135649909152961,0.8252559726962457,0.8115270921651948,0.8236096895257591,0.8115494245952587,0.8236096895257591,0.8092267441640278
adult,Bernoulli RBM + Regressão Logística,16,16,"{""learning_rate"": 0.01, ""n_components"": 64, ""n_iter"": 20}",4.0691984000004595,0.8189056990103515,0.8065007650868179,0.8189056990103515,0.807317768901098,0.8228668941979522,0.8109034725854845,0.8228668941979522,0.8107593813915203,0.8236096895257591,0.8115691069934283,0.8236096895257591,0.8101179706171489
adult,Bernoulli RBM + Regressão Logística,16,16,"{""learning_rate"": 0.01, ""n_components"": 128, ""n_iter"": 20}",6.513672200002475,0.8194744625184848,0.8072059907126697,0.8194744625184848,0.808039235417417,0.8218430034129692,0.8096462252115393,0.8218430034129692,0.8094524901258927,0.8283862163084271,0.8173360651449615,0.8283862163084271,0.8152598437532416
adult,Bernoulli RBM + Regressão Logística,16,16,"{""learning_rate"": 0.05, ""n_components"": 64, ""n_iter"": 20}",3.754667799999879,0.825844613809578,0.8150127181680402,0.825844613809578,0.8159985580625149,0.8242320819112628,0.8130341827871532,0.8242320819112628,0.8139815792365168,0.8239508700102354,0.8120817421593698,0.8239508700102354,0.8114222960599491
adult,Bernoulli RBM + Regressão Logística,17,17,"{""learning_rate"": 0.01, ""n_components"": 32, ""n_iter"": 10}",1.3968673000017588,0.8127630531225116,0.800055682496052,0.8127630531225116,0.8021542725609286,0.8228668941979522,0.811169689423222,0.8228668941979522,0.811729218779189,0.8171272603207097,0.804097146797346,0.8171272603207097,0.8045528841045694
adult,Bernoulli RBM + Regressão Logística,17,17,"{""learning_rate"": 0.01, ""n_components"": 64, ""n_iter"": 10}",2.134461300000112,0.8171994084859515,0.8041712772026988,0.8171994084859515,0.8045198683324252,0.8249146757679181,0.8131580467644657,0.8249146757679181,0.811524654139046,0.8239508700102354,0.8119658184885327,0.8239508700102354,0.8101175253899576
adult,Bernoulli RBM + Regressão Logística,17,17,"{""learning_rate"": 0.01, ""n_components"": 64, ""n_iter"": 20}",4.034684700000071,0.8191332044136048,0.8068891882110971,0.8191332044136048,0.8078850255825052,0.821160409556314,0.8088723548344529,0.821160409556314,0.8088651360291528,0.8259979529170931,0.8144870877313244,0.8259979529170931,0.8133329508142898
adult,Bernoulli RBM + Regressão Logística,17,17,"{""learning_rate"": 0.01, ""n_components"": 128, ""n_iter"": 20}",6.509360699998069,0.8190194517119782,0.8068609704844488,0.8190194517119782,0.808017507818786,0.822184300341297,0.8100981378291792,0.822184300341297,0.8100301304527593,0.8259979529170931,0.814516053452662,0.8259979529170931,0.813615060059252
adult,Bernoulli RBM + Regressão Logística,17,17,"{""learning_rate"": 0.05, ""n_components"": 64, ""n_iter"": 20}",3.7895190000017465,0.8250483448981913,0.8138200947876356,0.8250483448981913,0.8143907234385297,0.8279863481228669,0.8170733015021723,0.8279863481228669,0.8169712211370596,0.8239508700102354,0.8120415695550759,0.8239508700102354,0.8111368678826931
adult,Bernoulli RBM + Regressão Logística,18,18,"{""learning_rate"": 0.01, ""n_components"": 32, ""n_iter"": 10}",1.3991988000016136,0.812308042316005,0.7993218449119369,0.812308042316005,0.8012999103314464,0.8204778156996587,0.808143570686175,0.8204778156996587,0.8084202184585266,0.8178096212896623,0.8046708952834921,0.8178096212896623,0.8043999337119169
adult,Bernoulli RBM + Regressão Logística,18,18,"{""learning_rate"": 0.01, ""n_components"": 64, ""n_iter"": 10}",2.1451882000001206,0.8162893868729383,0.8033477140216033,0.8162893868729383,0.8042720976961932,0.8218430034129692,0.809615757495766,0.8218430034129692,0.8093096858021367,0.8219037871033776,0.8094897997276519,0.8219037871033776,0.8080588886986848
adult,Bernoulli RBM + Regressão Logística,18,18,"{""learning_rate"": 0.01, ""n_components"": 64, ""n_iter"": 20}",4.055910000002768,0.8192469571152314,0.8071431272993509,0.8192469571152314,0.8083046204263886,0.8235494880546075,0.8117395242844052,0.8235494880546075,0.8116284995335572,0.8236096895257591,0.8116647668433508,0.8236096895257591,0.810985579420267
adult,Bernoulli RBM + Regressão Logística,18,18,"{""learning_rate"": 0.01, ""n_components"": 128, ""n_iter"": 20}",6.491276299999299,0.8190194517119782,0.8067299264625774,0.8190194517119782,0.8076947547005721,0.8184300341296928,0.8056060411285152,0.8184300341296928,0.8058021546876913,0.827021494370522,0.8156978466198174,0.827021494370522,0.8142190039194466
adult,Bernoulli RBM + Regressão Logística,18,18,"{""learning_rate"": 0.05, ""n_components"": 64, ""n_iter"": 20}",3.8077669000012975,0.8252758503014447,0.8140548885778721,0.8252758503014447,0.8145433247018926,0.8255972696245734,0.8143058450683648,0.8255972696245734,0.8144966776974709,0.8229273285568065,0.8109634366401872,0.8229273285568065,0.8108221892311831
adult,Bernoulli RBM + Regressão Logística,19,19,"{""learning_rate"": 0.01, ""n_components"": 32, ""n_iter"": 10}",1.3936946999965585,0.8074166761460585,0.7923722862825296,0.8074166761460585,0.7935421362054796,0.8143344709897611,0.8004407563724666,0.8143344709897611,0.8003658930738474,0.8143978164448994,0.8002066806176442,0.8143978164448994,0.7988654840912753
adult,Bernoulli RBM + Regressão Logística,19,19,"{""learning_rate"": 0.01, ""n_components"": 64, ""n_iter"": 10}",2.1441263999986404,0.8121942896143783,0.7998203330275859,0.8121942896143783,0.8022195994390626,0.8225255972696246,0.8108428574824912,0.8225255972696246,0.8115707707311273,0.8171272603207097,0.8041439323615779,0.8171272603207097,0.8046981809271146
adult,Bernoulli RBM + Regressão Logística,19,19,"{""learning_rate"": 0.01, ""n_components"": 64, ""n_iter"": 20}",4.037179299997661,0.8175406665908316,0.8052041425019016,0.8175406665908316,0.8065642206321761,0.8235494880546075,0.811806612870628,0.8235494880546075,0.8119063693660908,0.8242920504947117,0.8124408439670888,0.8242920504947117,0.8114312642851017
adult,Bernoulli RBM + Regressão Logística,19,19,"{""learning_rate"": 0.01, ""n_components"": 128, ""n_iter"": 20}",6.500395200000639,0.8200432260266182,0.8078430014428002,0.8200432260266182,0.8085745129898888,0.8228668941979522,0.8108174070402254,0.8228668941979522,0.8103343772553804,0.8266803138860457,0.8152762769796404,0.8266803138860457,0.8133513801882086
adult,Bernoulli RBM + Regressão Logística,19,19,"{""learning_rate"": 0.05, ""n_components"": 64, ""n_iter"": 20}",3.77869500000088,0.8233420543737914,0.8116260785318646,0.8233420543737914,0.8118779443119984,0.8191126279863481,0.8066783217455654,0.8191126279863481,0.8073887242510576,0.8253155919481405,0.8136586450648944,0.8253155919481405,0.8124583634091788
adult,Bernoulli RBM + Regressão Logística,20,20,"{""learning_rate"": 0.01, ""n_components"": 32, ""n_iter"": 10}",1.3904867000019294,0.8062791491297918,0.7914247730256123,0.8062791491297918,0.7932012253060419,0.8156996587030717,0.8020488654067511,0.8156996587030717,0.8016813671715891,0.8140566359604231,0.7999314911717451,0.8140566359604231,0.799367634964421
adult,Bernoulli RBM + Regressão Logística,20,20,"{""learning_rate"": 0.01, ""n_components"": 64, ""n_iter"": 10}",2.145306400001573,0.8131043112273917,0.7991045564195026,0.8131043112273917,0.7994877153912466,0.8191126279863481,0.8060720894577549,0.8191126279863481,0.8045957968612059,0.8181508017741386,0.8048187718521083,0.8181508017741386,0.802378855680048
adult,Bernoulli RBM + Regressão Logística,20,20,"{""learning_rate"": 0.01, ""n_components"": 64, ""n_iter"": 20}",4.105212000002211,0.8186781936070981,0.8065773746187944,0.8186781936070981,0.8079072292937726,0.822184300341297,0.8100981378291792,0.822184300341297,0.8100301304527593,0.8219037871033776,0.8096760245738769,0.8219037871033776,0.809372941225982
adult,Bernoulli RBM + Regressão Logística,20,20,"{""learning_rate"": 0.01, ""n_components"": 128, ""n_iter"": 20}",6.544387900001311,0.8207257422363781,0.8087195168241436,0.8207257422363781,0.8095307615655205,0.822184300341297,0.810006628531605,0.822184300341297,0.8096034885357478,0.8253155919481405,0.8136383716617477,0.8253155919481405,0.812171324589466
adult,Bernoulli RBM + Regressão Logística,20,20,"{""learning_rate"": 0.05, ""n_components"": 64, ""n_iter"": 20}",3.8172735999978613,0.8232283016721648,0.811921108777429,0.8232283016721648,0.8129930703194093,0.8197952218430035,0.8078506681045988,0.8197952218430035,0.8090826304792249,0.8239508700102354,0.8121568310966019,0.8239508700102354,0.8118456869364885
adult,Bernoulli RBM + Regressão Logística,21,21,"{""learning_rate"": 0.01, ""n_components"": 32, ""n_iter"": 10}",1.403308000000834,0.8111705152997384,0.7973237400192178,0.8111705152997384,0.79874456629702,0.8174061433447098,0.8046061925581511,0.8174061433447098,0.8053576549533048,0.8178096212896623,0.804528814295987,0.8178096212896623,0.8036464493584246
adult,Bernoulli RBM + Regressão Logística,21,21,"{""learning_rate"": 0.01, ""n_components"": 64, ""n_iter"": 10}",2.1254412999987835,0.812308042316005,0.7982645765228876,0.812308042316005,0.798962914516643,0.8177474402730376,0.8044918081025144,0.8177474402730376,0.8037335012195256,0.8205390651654725,0.8077805184214834,0.8205390651654725,0.8056752168808055
adult,Bernoulli RBM + Regressão Logística,21,21,"{""learning_rate"": 0.01, ""n_components"": 64, ""n_iter"": 20}",4.060799099999713,0.8174269138892049,0.8049597077936347,0.8174269138892049,0.8061890324324054,0.8215017064846416,0.8092586042035808,0.8215017064846416,0.809158756368523,0.8225861480723302,0.8104340625283866,0.8225861480723302,0.8098169542495685
adult,Bernoulli RBM + Regressão Logística,21,21,"{""learning_rate"": 0.01, ""n_components"": 128, ""n_iter"": 20}",6.561105699998734,0.8195882152201115,0.8075087437699225,0.8195882152201115,0.808597976185636,0.8218430034129692,0.8097868458006262,0.8218430034129692,0.8100173771374355,0.8239508700102354,0.8120094921853581,0.8239508700102354,0.8108488771371912
adult,Bernoulli RBM + Regressão Logística,21,21,"{""learning_rate"": 0.05, ""n_components"": 64, ""n_iter"": 20}",3.771324800000002,0.8240245705835514,0.8120873152443631,0.8240245705835514,0.8103323531807577,0.8249146757679181,0.8131580467644657,0.8249146757679181,0.811524654139046,0.824633230979188,0.8128268353456433,0.824633230979188,0.8099574610715359
bank_marketing,Bernoulli RBM + Regressão Logística,1,1,"{""learning_rate"": 0.01, ""n_components"": 32, ""n_iter"": 10}",1.0562347999984922,0.8828806685510631,0.8379286106565524,0.8828806685510631,0.8319869078014682,0.8842609657206045,0.8632648956347937,0.8842609657206045,0.8334163137044154,0.8838923700700332,0.8480232179042639,0.8838923700700332,0.8348483227264616
bank_marketing,Bernoulli RBM + Regressão Logística,1,1,"{""learning_rate"": 0.01, ""n_components"": 64, ""n_iter"": 10}",1.583664800000406,0.883003563967064,0.8395287609010925,0.883003563967064,0.8318299485541989,0.8831551787688905,0.8504271245020284,0.8831551787688905,0.8301249358787092,0.8831551787688905,0.8398888590634068,0.8831551787688905,0.8324905310420471
bank_marketing,Bernoulli RBM + Regressão Logística,1,1,"{""learning_rate"": 0.01, ""n_components"": 64, ""n_iter"": 20}",2.9157381000004534,0.883618041047069,0.8504246329311144,0.883618041047069,0.8321560106866362,0.8849981570217471,0.8753128324332536,0.8849981570217471,0.8344773562922855,0.8835237744194618,0.8443252891681605,0.8835237744194618,0.8340008134836142
bank_marketing,Bernoulli RBM + Regressão Logística,1,1,"{""learning_rate"": 0.01, ""n_components"": 128, ""n_iter"": 20}",4.85469490000105,0.8842325181270738,0.8623212385427134,0.8842325181270738,0.8329306469048512,0.8838923700700332,0.8643995134739789,0.8838923700700332,0.8318787852195039,0.8835237744194618,0.8461664477145495,0.8835237744194618,0.8320183881919211
bank_marketing,Bernoulli RBM + Regressão Logística,1,1,"{""learning_rate"": 0.05, ""n_components"": 64, ""n_iter"": 20}",2.710403100001713,0.8854614722870837,0.8556903237756281,0.8854614722870837,0.8417121009336606,0.8868411352746037,0.8634270593218941,0.8868411352746037,0.8440779376732706,0.8861039439734612,0.8590651198013715,0.8861039439734612,0.8422208100676324
bank_marketing,Bernoulli RBM + Regressão Logística,2,2,"{""learning_rate"": 0.01, ""n_components"": 32, ""n_iter"": 10}",1.0468224999967788,0.8827577731350621,0.8360625200512676,0.8827577731350621,0.8316995227236471,0.8842609657206045,0.8632648956347937,0.8842609657206045,0.8334163137044154,0.8827865831183193,0.8362082974369259,0.8827865831183193,0.8329501857208523
bank_marketing,Bernoulli RBM + Regressão Logística,2,2,"{""learning_rate"": 0.01, ""n_components"": 64, ""n_iter"": 10}",1.5604864000015368,0.883003563967064,0.8394449990259473,0.883003563967064,0.831606606089242,0.8831551787688905,0.8504271245020284,0.8831551787688905,0.8301249358787092,0.8824179874677479,0.8298248172180888,0.8824179874677479,0.8314336889666025
bank_marketing,Bernoulli RBM + Regressão Logística,2,2,"{""learning_rate"": 0.01, ""n_components"": 64, ""n_iter"": 20}",2.8821868000013637,0.8833722502150669,0.8464188384856085,0.8833722502150669,0.8315765364160105,0.8827865831183193,0.8384178171164173,0.8827865831183193,0.8292414487176256,0.8835237744194618,0.8446723226671623,0.8835237744194618,0.8333482921340327
bank_marketing,Bernoulli RBM + Regressão Logística,2,2,"{""learning_rate"": 0.01, ""n_components"": 128, ""n_iter"": 20}",4.877882100001443,0.883495145631068,0.849161340403372,0.883495145631068,0.8316412729466675,0.8827865831183193,0.8384178171164173,0.8827865831183193,0.8292414487176256,0.8838923700700332,0.8499529009087249,0.8838923700700332,0.8335473731174914
bank_marketing,Bernoulli RBM + Regressão Logística,2,2,"{""learning_rate"": 0.05, ""n_components"": 64, ""n_iter"": 20}",2.6927991999982623,0.8860759493670886,0.8587233965887644,0.8860759493670886,0.842847221805295,0.8886841135274604,0.8724232852967647,0.8886841135274604,0.846893538211952,0.8861039439734612,0.8599220722704383,0.8861039439734612,0.8416387760795032
bank_marketing,Bernoulli RBM + Regressão Logística,3,3,"{""learning_rate"": 0.01, ""n_components"": 32, ""n_iter"": 10}",1.029673900000489,0.8826348777190611,0.8340891990546307,0.8826348777190611,0.8314116711713417,0.8842609657206045,0.8688743116084464,0.8842609657206045,0.8327492291659767,0.8835237744194618,0.8443252891681605,0.8835237744194618,0.8340008134836142
bank_marketing,Bernoulli RBM + Regressão Logística,3,3,"{""learning_rate"": 0.01, ""n_components"": 64, ""n_iter"": 10}",1.5449855999977444,0.883126459383065,0.84147476612861,0.883126459383065,0.8316715831444997,0.8827865831183193,0.8384178171164173,0.8827865831183193,0.8292414487176256,0.8831551787688905,0.83963736897161,0.8831551787688905,0.8318234939920407
bank_marketing,Bernoulli RBM + Regressão Logística,3,3,"{""learning_rate"": 0.01, ""n_components"": 64, ""n_iter"": 20}",2.8840072999992117,0.8838638318790709,0.8548667126336044,0.8838638318790709,0.8325104858488609,0.8835237744194618,0.8512169588363342,0.8835237744194618,0.8323552711165455,0.8842609657206045,0.8539874803494414,0.8842609657206045,0.8344030497787541
bank_marketing,Bernoulli RBM + Regressão Logística,3,3,"{""learning_rate"": 0.01, ""n_components"": 128, ""n_iter"": 20}",4.848028600001271,0.8841096227110729,0.8593087923360944,0.8841096227110729,0.8328649610110854,0.8838923700700332,0.8590688706796337,0.8838923700700332,0.8325522459652368,0.8838923700700332,0.851648582570403,0.8838923700700332,0.832884544503132
bank_marketing,Bernoulli RBM + Regressão Logística,3,3,"{""learning_rate"": 0.05, ""n_components"": 64, ""n_iter"": 20}",2.6777063999979873,0.8864446356150916,0.8600835561370379,0.8864446356150916,0.8438270777573117,0.8875783265757464,0.8673083790243568,0.8875783265757464,0.8450937165809365,0.8868411352746037,0.8623284633039726,0.8868411352746037,0.8438134162901796
bank_marketing,Bernoulli RBM + Regressão Logística,4,4,"{""learning_rate"": 0.01, ""n_components"": 32, ""n_iter"": 10}",1.0665942000014184,0.8828806685510631,0.8379286106565524,0.8828806685510631,0.8319869078014682,0.8838923700700332,0.8590688706796337,0.8838923700700332,0.8325522459652368,0.8835237744194618,0.8443252891681605,0.8835237744194618,0.8340008134836142
bank_marketing,Bernoulli RBM + Regressão Logística,4,4,"{""learning_rate"": 0.01, ""n_components"": 64, ""n_iter"": 10}",1.5588793999995687,0.883249354799066,0.8434537988854844,0.883249354799066,0.8319603737235084,0.8838923700700332,0.8643995134739789,0.8838923700700332,0.8318787852195039,0.8831551787688905,0.8398888590634068,0.8831551787688905,0.8324905310420471
bank_marketing,Bernoulli RBM + Regressão Logística,4,4,"{""learning_rate"": 0.01, ""n_components"": 64, ""n_iter"": 20}",2.8845657000019855,0.883495145631068,0.8479359503464328,0.883495145631068,0.8320907984366336,0.8831551787688905,0.8473285066022833,0.8831551787688905,0.8308113489351834,0.8838923700700332,0.8488139962321812,0.8838923700700332,0.8342019162032104
bank_marketing,Bernoulli RBM + Regressão Logística,4,4,"{""learning_rate"": 0.01, ""n_components"": 128, ""n_iter"": 20}",4.8128633000014815,0.8841096227110729,0.8593087923360944,0.8841096227110729,0.8328649610110854,0.8838923700700332,0.8557682689420303,0.8838923700700332,0.8332172419899337,0.8842609657206045,0.8539874803494414,0.8842609657206045,0.8344030497787541
bank_marketing,Bernoulli RBM + Regressão Logística,4,4,"{""learning_rate"": 0.05, ""n_components"": 64, ""n_iter"": 20}",2.6743209999985993,0.8859530539510876,0.8572215511821971,0.8859530539510876,0.8435263036237353,0.8879469222263178,0.8713503088826056,0.8879469222263178,0.8447576901472057,0.8861039439734612,0.8599220722704383,0.8861039439734612,0.8416387760795032
bank_marketing,Bernoulli RBM + Regressão Logística,5,5,"{""learning_rate"": 0.01, ""n_components"": 32, ""n_iter"": 10}",1.0487039999970875,0.8828806685510631,0.8377435045798551,0.8828806685510631,0.8317647357343336,0.8835237744194618,0.8538962808630726,0.8835237744194618,0.831683937632002,0.8838923700700332,0.8488139962321812,0.8838923700700332,0.8342019162032104
bank_marketing,Bernoulli RBM + Regressão Logística,5,5,"{""learning_rate"": 0.01, ""n_components"": 64, ""n_iter"": 10}",1.5428385000013805,0.883003563967064,0.8394449990259473,0.883003563967064,0.831606606089242,0.8827865831183193,0.8384178171164173,0.8827865831183193,0.8292414487176256,0.8831551787688905,0.83963736897161,0.8831551787688905,0.8318234939920407
bank_marketing,Bernoulli RBM + Regressão Logística,5,5,"{""learning_rate"": 0.01, ""n_components"": 64, ""n_iter"": 20}",2.8861991000012495,0.88374093646307,0.852223286285258,0.88374093646307,0.8324450372584972,0.8835237744194618,0.8512169588363342,0.8835237744194618,0.8323552711165455,0.8838923700700332,0.8499529009087249,0.8838923700700332,0.8335473731174914
bank_marketing,Bernoulli RBM + Regressão Logística,5,5,"{""learning_rate"": 0.01, ""n_components"": 128, ""n_iter"": 20}",4.862386000000697,0.8838638318790709,0.8548667126336044,0.8838638318790709,0.8325104858488609,0.8838923700700332,0.8557682689420303,0.8838923700700332,0.8332172419899337,0.8838923700700332,0.8499529009087249,0.8838923700700332,0.8335473731174914
bank_marketing,Bernoulli RBM + Regressão Logística,5,5,"{""learning_rate"": 0.05, ""n_components"": 64, ""n_iter"": 20}",2.658298799997283,0.8850927860390807,0.8525058203655269,0.8850927860390807,0.843554634819402,0.8901584961297456,0.8768649752362829,0.8901584961297456,0.8499954978283178,0.8857353483228898,0.8566413934236724,0.8857353483228898,0.8419995419891216
bank_marketing,Bernoulli RBM + Regressão Logística,6,6,"{""learning_rate"": 0.01, ""n_components"": 32, ""n_iter"": 10}",1.046082299999398,0.8826348777190611,0.8344768694657435,0.8826348777190611,0.8316343094967494,0.8831551787688905,0.8457186833647038,0.8831551787688905,0.8314890856221591,0.8835237744194618,0.8443252891681605,0.8835237744194618,0.8340008134836142
bank_marketing,Bernoulli RBM + Regressão Logística,6,6,"{""learning_rate"": 0.01, ""n_components"": 64, ""n_iter"": 10}",1.5545592000016768,0.883003563967064,0.8394449990259473,0.883003563967064,0.831606606089242,0.8831551787688905,0.8504271245020284,0.8831551787688905,0.8301249358787092,0.8835237744194618,0.8452376219164032,0.8835237744194618,0.8326875341250061
bank_marketing,Bernoulli RBM + Regressão Logística,6,6,"{""learning_rate"": 0.01, ""n_components"": 64, ""n_iter"": 20}",2.9025880999979563,0.883618041047069,0.8497612963049374,0.883618041047069,0.832379589103934,0.8838923700700332,0.8590688706796337,0.8838923700700332,0.8325522459652368,0.8842609657206045,0.8524422808993952,0.8842609657206045,0.8350514412463761
bank_marketing,Bernoulli RBM + Regressão Logística,6,6,"{""learning_rate"": 0.01, ""n_components"": 128, ""n_iter"": 20}",4.876901200001157,0.88374093646307,0.8514713986045587,0.88374093646307,0.8326679089920409,0.8838923700700332,0.8590688706796337,0.8838923700700332,0.8325522459652368,0.8849981570217471,0.8633026380317202,0.8849981570217471,0.8354578074234755
bank_marketing,Bernoulli RBM + Regressão Logística,6,6,"{""learning_rate"": 0.05, ""n_components"": 64, ""n_iter"": 20}",2.691025600001012,0.8863217401990906,0.8600393717277726,0.8863217401990906,0.8431862785004292,0.889421304828603,0.8778819563836271,0.889421304828603,0.8473572090201245,0.8842609657206045,0.8485789216060754,0.8842609657206045,0.8393729106069735
bank_marketing,Bernoulli RBM + Regressão Logística,7,7,"{""learning_rate"": 0.01, ""n_components"": 32, ""n_iter"": 10}",1.1083782999994582,0.88251198230306,0.8329786080679668,0.88251198230306,0.8315690960283465,0.8846295613711758,0.8724190579945634,0.8846295613711758,0.8336154063083149,0.8824179874677479,0.8314674475101396,0.8824179874677479,0.8320965437105529
bank_marketing,Bernoulli RBM + Regressão Logística,7,7,"{""learning_rate"": 0.01, ""n_components"": 64, ""n_iter"": 10}",1.557331100000738,0.8828806685510631,0.8375453694583903,0.8828806685510631,0.8315416284247308,0.8831551787688905,0.8504271245020284,0.8831551787688905,0.8301249358787092,0.8827865831183193,0.8353571649848834,0.8827865831183193,0.8322935344893113
bank_marketing,Bernoulli RBM + Regressão Logística,7,7,"{""learning_rate"": 0.01, ""n_components"": 64, ""n_iter"": 20}",2.9009521000007226,0.8833722502150669,0.8469455970319196,0.8833722502150669,0.831350582974302,0.8831551787688905,0.8504271245020284,0.8831551787688905,0.8301249358787092,0.8831551787688905,0.8398888590634068,0.8831551787688905,0.8324905310420471
bank_marketing,Bernoulli RBM + Regressão Logística,7,7,"{""learning_rate"": 0.01, ""n_components"": 128, ""n_iter"": 20}",4.862319799998659,0.8833722502150669,0.8506808197236218,0.8833722502150669,0.8304371076933613,0.8824179874677479,0.818594494459504,0.8824179874677479,0.8283535312033186,0.8835237744194618,0.8477700741507345,0.8835237744194618,0.8313406993347149
bank_marketing,Bernoulli RBM + Regressão Logística,7,7,"{""learning_rate"": 0.05, ""n_components"": 64, ""n_iter"": 20}",2.673664199999621,0.8847240997910778,0.8508030191542201,0.8847240997910778,0.8435108976541633,0.8875783265757464,0.8653269645044013,0.8875783265757464,0.8461994969604728,0.8849981570217471,0.8534279359925383,0.8849981570217471,0.8398047840681345
bank_marketing,Bernoulli RBM + Regressão Logística,8,8,"{""learning_rate"": 0.01, ""n_components"": 32, ""n_iter"": 10}",1.0381211999992956,0.8828806685510631,0.8377435045798551,0.8828806685510631,0.8317647357343336,0.8831551787688905,0.8457186833647038,0.8831551787688905,0.8314890856221591,0.8842609657206045,0.8524422808993952,0.8842609657206045,0.8350514412463761
bank_marketing,Bernoulli RBM + Regressão Logística,8,8,"{""learning_rate"": 0.01, ""n_components"": 64, ""n_iter"": 10}",1.5585040000005392,0.883003563967064,0.8394449990259473,0.883003563967064,0.831606606089242,0.8831551787688905,0.8504271245020284,0.8831551787688905,0.8301249358787092,0.8831551787688905,0.83963736897161,0.8831551787688905,0.8318234939920407
bank_marketing,Bernoulli RBM + Regressão Logística,8,8,"{""learning_rate"": 0.01, ""n_components"": 64, ""n_iter"": 20}",2.8860892999982752,0.883126459383065,0.8415404735261346,0.883126459383065,0.831447060362187,0.8835237744194618,0.8585295307479168,0.8835237744194618,0.8310040343341683,0.8835237744194618,0.8446723226671623,0.8835237744194618,0.8333482921340327
bank_marketing,Bernoulli RBM + Regressão Logística,8,8,"{""learning_rate"": 0.01, ""n_components"": 128, ""n_iter"": 20}",4.87701350000134,0.883495145631068,0.8499640266056289,0.883495145631068,0.831415078740573,0.8827865831183193,0.8384178171164173,0.8827865831183193,0.8292414487176256,0.8842609657206045,0.8561867307897264,0.8842609657206045,0.8337464737824427
bank_marketing,Bernoulli RBM + Regressão Logística,8,8,"{""learning_rate"": 0.05, ""n_components"": 64, ""n_iter"": 20}",2.7017573000011907,0.8868133218630945,0.8647980275194156,0.8868133218630945,0.8427177949550466,0.8875783265757464,0.8716700103143962,0.8875783265757464,0.843385025532889,0.8864725396240324,0.8675396643268027,0.8864725396240324,0.8400645831815008
bank_marketing,Bernoulli RBM + Regressão Logística,9,9,"{""learning_rate"": 0.01, ""n_components"": 32, ""n_iter"": 10}",1.0457667999980913,0.8828806685510631,0.8377435045798551,0.8828806685510631,0.8317647357343336,0.8831551787688905,0.8447857877890593,0.8831551787688905,0.8321583038438382,0.8842609657206045,0.8524422808993952,0.8842609657206045,0.8350514412463761
bank_marketing,Bernoulli RBM + Regressão Logística,9,9,"{""learning_rate"": 0.01, ""n_components"": 64, ""n_iter"": 10}",1.5484434999998484,0.883249354799066,0.8434537988854844,0.883249354799066,0.8319603737235084,0.8838923700700332,0.8643995134739789,0.8838923700700332,0.8318787852195039,0.8835237744194618,0.8452376219164032,0.8835237744194618,0.8326875341250061
bank_marketing,Bernoulli RBM + Regressão Logística,9,9,"{""learning_rate"": 0.01, ""n_components"": 64, ""n_iter"": 20}",2.8950508999987505,0.883618041047069,0.8504246329311144,0.883618041047069,0.8321560106866362,0.8842609657206045,0.8632648956347937,0.8842609657206045,0.8334163137044154,0.8838923700700332,0.8499529009087249,0.8838923700700332,0.8335473731174914
bank_marketing,Bernoulli RBM + Regressão Logística,9,9,"{""learning_rate"": 0.01, ""n_components"": 128, ""n_iter"": 20}",4.862556600000971,0.883495145631068,0.8509440213575488,0.883495145631068,0.831187922389064,0.8831551787688905,0.8504271245020284,0.8831551787688905,0.8301249358787092,0.8842609657206045,0.8594758162721531,0.8842609657206045,0.8330815629502001
bank_marketing,Bernoulli RBM + Regressão Logística,9,9,"{""learning_rate"": 0.05, ""n_components"": 64, ""n_iter"": 20}",2.6998299000006227,0.8860759493670886,0.8597370230331848,0.8860759493670886,0.8420809162355423,0.888315517876889,0.8743506127516744,0.888315517876889,0.8449846158242783,0.8864725396240324,0.8627407067284122,0.8864725396240324,0.8418585688877738
bank_marketing,Bernoulli RBM + Regressão Logística,10,10,"{""learning_rate"": 0.01, ""n_components"": 32, ""n_iter"": 10}",1.0430359999991197,0.883003563967064,0.8395287609010925,0.883003563967064,0.8318299485541989,0.8835237744194618,0.8512169588363342,0.8835237744194618,0.8323552711165455,0.8838923700700332,0.8480232179042639,0.8838923700700332,0.8348483227264616
bank_marketing,Bernoulli RBM + Regressão Logística,10,10,"{""learning_rate"": 0.01, ""n_components"": 64, ""n_iter"": 10}",1.5731295000005048,0.883003563967064,0.8394449990259473,0.883003563967064,0.831606606089242,0.8835237744194618,0.8585295307479168,0.8835237744194618,0.8310040343341683,0.8831551787688905,0.8398888590634068,0.8831551787688905,0.8324905310420471
bank_marketing,Bernoulli RBM + Regressão Logística,10,10,"{""learning_rate"": 0.01, ""n_components"": 64, ""n_iter"": 20}",2.886626999999862,0.883495145631068,0.8474625987450215,0.883495145631068,0.8323141413577747,0.8827865831183193,0.8384178171164173,0.8827865831183193,0.8292414487176256,0.8838923700700332,0.8488139962321812,0.8838923700700332,0.8342019162032104
bank_marketing,Bernoulli RBM + Regressão Logística,10,10,"{""learning_rate"": 0.01, ""n_components"": 128, ""n_iter"": 20}",4.879509000002145,0.8838638318790709,0.8523607266807529,0.8838638318790709,0.8331769939863015,0.8846295613711758,0.8667507500950012,0.8846295613711758,0.8342761801360296,0.8835237744194618,0.8446723226671623,0.8835237744194618,0.8333482921340327
bank_marketing,Bernoulli RBM + Regressão Logística,10,10,"{""learning_rate"": 0.05, ""n_components"": 64, ""n_iter"": 20}",2.684169300002395,0.8866904264470935,0.8602331107816034,0.8866904264470935,0.8450918271665108,0.8890527091780317,0.8736033644174598,0.8890527091780317,0.8476741301462435,0.888315517876889,0.8690439293450464,0.888315517876889,0.8464056781018536
bank_marketing,Bernoulli RBM + Regressão Logística,11,11,"{""learning_rate"": 0.01, ""n_components"": 32, ""n_iter"": 10}",1.0574441999997362,0.8827577731350621,0.8360625200512676,0.8827577731350621,0.8316995227236471,0.8835237744194618,0.8538962808630726,0.8835237744194618,0.831683937632002,0.8835237744194618,0.8443252891681605,0.8835237744194618,0.8340008134836142
bank_marketing,Bernoulli RBM + Regressão Logística,11,11,"{""learning_rate"": 0.01, ""n_components"": 64, ""n_iter"": 10}",1.5759956999972928,0.883126459383065,0.84147476612861,0.883126459383065,0.8316715831444997,0.8835237744194618,0.8585295307479168,0.8835237744194618,0.8310040343341683,0.8838923700700332,0.8499529009087249,0.8838923700700332,0.8335473731174914
bank_marketing,Bernoulli RBM + Regressão Logística,11,11,"{""learning_rate"": 0.01, ""n_components"": 64, ""n_iter"": 20}",2.8862946999979613,0.883618041047069,0.8497612963049374,0.883618041047069,0.832379589103934,0.8831551787688905,0.8457186833647038,0.8831551787688905,0.8314890856221591,0.8842609657206045,0.8539874803494414,0.8842609657206045,0.8344030497787541
bank_marketing,Bernoulli RBM + Regressão Logística,11,11,"{""learning_rate"": 0.01, ""n_components"": 128, ""n_iter"": 20}",4.875687499999913,0.883495145631068,0.8521604137377756,0.883495145631068,0.8309597979530243,0.8831551787688905,0.8504271245020284,0.8831551787688905,0.8301249358787092,0.8838923700700332,0.8589358891840165,0.8838923700700332,0.8315334163733703
bank_marketing,Bernoulli RBM + Regressão Logística,11,11,"{""learning_rate"": 0.05, ""n_components"": 64, ""n_iter"": 20}",2.687608899999759,0.8861988447830896,0.858625507253392,0.8861988447830896,0.8436766552061334,0.888315517876889,0.8688247850428286,0.888315517876889,0.8472080248492566,0.8861039439734612,0.8583476500411834,0.8861039439734612,0.8427959141161743
bank_marketing,Bernoulli RBM + Regressão Logística,12,12,"{""learning_rate"": 0.01, ""n_components"": 32, ""n_iter"": 10}",1.0487752000008186,0.8828806685510631,0.8377435045798551,0.8828806685510631,0.8317647357343336,0.8838923700700332,0.8590688706796337,0.8838923700700332,0.8325522459652368,0.8842609657206045,0.8524422808993952,0.8842609657206045,0.8350514412463761
bank_marketing,Bernoulli RBM + Regressão Logística,12,12,"{""learning_rate"": 0.01, ""n_components"": 64, ""n_iter"": 10}",1.5756275999992795,0.883126459383065,0.84147476612861,0.883126459383065,0.8316715831444997,0.8824179874677479,0.818594494459504,0.8824179874677479,0.8283535312033186,0.8835237744194618,0.8461664477145495,0.8835237744194618,0.8320183881919211
bank_marketing,Bernoulli RBM + Regressão Logística,12,12,"{""learning_rate"": 0.01, ""n_components"": 64, ""n_iter"": 20}",2.8879316999991715,0.8838638318790709,0.8548667126336044,0.8838638318790709,0.8325104858488609,0.8838923700700332,0.8590688706796337,0.8838923700700332,0.8325522459652368,0.8835237744194618,0.8446723226671623,0.8835237744194618,0.8333482921340327
bank_marketing,Bernoulli RBM + Regressão Logística,12,12,"{""learning_rate"": 0.01, ""n_components"": 128, ""n_iter"": 20}",4.861195299999963,0.8839867272950719,0.8577125106739772,0.8839867272950719,0.832575934902526,0.8835237744194618,0.8585295307479168,0.8835237744194618,0.8310040343341683,0.8831551787688905,0.83963736897161,0.8831551787688905,0.8318234939920407
bank_marketing,Bernoulli RBM + Regressão Logística,12,12,"{""learning_rate"": 0.05, ""n_components"": 64, ""n_iter"": 20}",2.6769155000001774,0.8875506943591004,0.8634387302282535,0.8875506943591004,0.8469010597430513,0.8901584961297456,0.8755815930530269,0.8901584961297456,0.8505231600695405,0.8868411352746037,0.8623284633039726,0.8868411352746037,0.8438134162901796
bank_marketing,Bernoulli RBM + Regressão Logística,13,13,"{""learning_rate"": 0.01, ""n_components"": 32, ""n_iter"": 10}",1.0598789000032411,0.8826348777190611,0.8344768694657435,0.8826348777190611,0.8316343094967494,0.8835237744194618,0.8512169588363342,0.8835237744194618,0.8323552711165455,0.8835237744194618,0.8443252891681605,0.8835237744194618,0.8340008134836142
bank_marketing,Bernoulli RBM + Regressão Logística,13,13,"{""learning_rate"": 0.01, ""n_components"": 64, ""n_iter"": 10}",1.572993599998881,0.8828806685510631,0.8373315010404465,0.8828806685510631,0.8313175801647825,0.8835237744194618,0.8585295307479168,0.8835237744194618,0.8310040343341683,0.8835237744194618,0.8461664477145495,0.8835237744194618,0.8320183881919211
bank_marketing,Bernoulli RBM + Regressão Logística,13,13,"{""learning_rate"": 0.01, ""n_components"": 64, ""n_iter"": 20}",2.9045918000010715,0.883249354799066,0.8432938450624663,0.883249354799066,0.8321832469816061,0.8842609657206045,0.8596094087007952,0.8842609657206045,0.8340750371738735,0.8842609657206045,0.8513204236282873,0.8842609657206045,0.8356917948918743
bank_marketing,Bernoulli RBM + Regressão Logística,13,13,"{""learning_rate"": 0.01, ""n_components"": 128, ""n_iter"": 20}",4.880129199998919,0.8839867272950719,0.8577125106739772,0.8839867272950719,0.832575934902526,0.8846295613711758,0.8667507500950012,0.8846295613711758,0.8342761801360296,0.8842609657206045,0.8561867307897264,0.8842609657206045,0.8337464737824427
bank_marketing,Bernoulli RBM + Regressão Logística,13,13,"{""learning_rate"": 0.05, ""n_components"": 64, ""n_iter"": 20}",2.6886268999987806,0.8864446356150916,0.861401401132607,0.8864446356150916,0.842879841661294,0.8875783265757464,0.8699798637175403,0.8875783265757464,0.8439614119683327,0.8872097309251751,0.8648383485386242,0.8872097309251751,0.8440382575763588
bank_marketing,Bernoulli RBM + Regressão Logística,14,14,"{""learning_rate"": 0.01, ""n_components"": 32, ""n_iter"": 10}",1.044214399997145,0.8828806685510631,0.8377435045798551,0.8828806685510631,0.8317647357343336,0.8838923700700332,0.8590688706796337,0.8838923700700332,0.8325522459652368,0.8835237744194618,0.8443252891681605,0.8835237744194618,0.8340008134836142
bank_marketing,Bernoulli RBM + Regressão Logística,14,14,"{""learning_rate"": 0.01, ""n_components"": 64, ""n_iter"": 10}",1.5723661000010907,0.883003563967064,0.8394449990259473,0.883003563967064,0.831606606089242,0.8831551787688905,0.8504271245020284,0.8831551787688905,0.8301249358787092,0.8831551787688905,0.83963736897161,0.8831551787688905,0.8318234939920407
bank_marketing,Bernoulli RBM + Regressão Logística,14,14,"{""learning_rate"": 0.01, ""n_components"": 64, ""n_iter"": 20}",2.8997785999999905,0.8833722502150669,0.8453113908122735,0.8833722502150669,0.8322486939927278,0.8842609657206045,0.8596094087007952,0.8842609657206045,0.8340750371738735,0.8835237744194618,0.8443252891681605,0.8835237744194618,0.8340008134836142
bank_marketing,Bernoulli RBM + Regressão Logística,14,14,"{""learning_rate"": 0.01, ""n_components"": 128, ""n_iter"": 20}",4.864732899997762,0.883618041047069,0.8521412232921809,0.883618041047069,0.8317060085107102,0.8831551787688905,0.8504271245020284,0.8831551787688905,0.8301249358787092,0.8842609657206045,0.8594758162721531,0.8842609657206045,0.8330815629502001
bank_marketing,Bernoulli RBM + Regressão Logística,14,14,"{""learning_rate"": 0.05, ""n_components"": 64, ""n_iter"": 20}",2.654114800003299,0.8873049035270985,0.8634939920950984,0.8873049035270985,0.8456572853336318,0.8879469222263178,0.8686463109247202,0.8879469222263178,0.8458795881338855,0.8879469222263178,0.8689368260961005,0.8879469222263178,0.8450576153699773
bank_marketing,Bernoulli RBM + Regressão Logística,15,15,"{""learning_rate"": 0.01, ""n_components"": 32, ""n_iter"": 10}",1.0434610000011162,0.8826348777190611,0.8344768694657435,0.8826348777190611,0.8316343094967494,0.8835237744194618,0.8538962808630726,0.8835237744194618,0.831683937632002,0.8835237744194618,0.8443252891681605,0.8835237744194618,0.8340008134836142
bank_marketing,Bernoulli RBM + Regressão Logística,15,15,"{""learning_rate"": 0.01, ""n_components"": 64, ""n_iter"": 10}",1.5700715999992099,0.883003563967064,0.8395287609010925,0.883003563967064,0.8318299485541989,0.8838923700700332,0.8643995134739789,0.8838923700700332,0.8318787852195039,0.8827865831183193,0.8342885130430798,0.8827865831183193,0.8316285944675693
bank_marketing,Bernoulli RBM + Regressão Logística,15,15,"{""learning_rate"": 0.01, ""n_components"": 64, ""n_iter"": 20}",2.8955361000007542,0.883495145631068,0.8479359503464328,0.883495145631068,0.8320907984366336,0.8842609657206045,0.8596094087007952,0.8842609657206045,0.8340750371738735,0.8842609657206045,0.8524422808993952,0.8842609657206045,0.8350514412463761
bank_marketing,Bernoulli RBM + Regressão Logística,15,15,"{""learning_rate"": 0.01, ""n_components"": 128, ""n_iter"": 20}",4.868491599998379,0.88374093646307,0.852223286285258,0.88374093646307,0.8324450372584972,0.8846295613711758,0.8629043131991897,0.8846295613711758,0.8349286951299244,0.8846295613711758,0.8574872705932017,0.8846295613711758,0.8352546024495393
bank_marketing,Bernoulli RBM + Regressão Logística,15,15,"{""learning_rate"": 0.05, ""n_components"": 64, ""n_iter"": 20}",2.6733596999984,0.8855843677030847,0.8568884553539061,0.8855843677030847,0.8413994962408736,0.8886841135274604,0.8738897619911479,0.8886841135274604,0.8463395904135919,0.8864725396240324,0.8656170795797832,0.8864725396240324,0.840669877725847
bank_marketing,Bernoulli RBM + Regressão Logística,16,16,"{""learning_rate"": 0.01, ""n_components"": 32, ""n_iter"": 10}",1.047731599999679,0.883003563967064,0.8396125641248124,0.883003563967064,0.8320523539129058,0.8838923700700332,0.8643995134739789,0.8838923700700332,0.8318787852195039,0.8831551787688905,0.8403929582240495,0.8831551787688905,0.8337997406485342
bank_marketing,Bernoulli RBM + Regressão Logística,16,16,"{""learning_rate"": 0.01, ""n_components"": 64, ""n_iter"": 10}",1.5696363000024576,0.883126459383065,0.84147476612861,0.883126459383065,0.8316715831444997,0.8831551787688905,0.8504271245020284,0.8831551787688905,0.8301249358787092,0.8827865831183193,0.8342885130430798,0.8827865831183193,0.8316285944675693
bank_marketing,Bernoulli RBM + Regressão Logística,16,16,"{""learning_rate"": 0.01, ""n_components"": 64, ""n_iter"": 20}",2.8838165999986813,0.883495145631068,0.849161340403372,0.883495145631068,0.8316412729466675,0.8831551787688905,0.8504271245020284,0.8831551787688905,0.8301249358787092,0.8831551787688905,0.83963736897161,0.8831551787688905,0.8318234939920407
bank_marketing,Bernoulli RBM + Regressão Logística,16,16,"{""learning_rate"": 0.01, ""n_components"": 128, ""n_iter"": 20}",4.891300799998135,0.883495145631068,0.8484950549365051,0.883495145631068,0.8318665108978758,0.8835237744194618,0.8585295307479168,0.8835237744194618,0.8310040343341683,0.8835237744194618,0.8461664477145495,0.8835237744194618,0.8320183881919211
bank_marketing,Bernoulli RBM + Regressão Logística,16,16,"{""learning_rate"": 0.05, ""n_components"": 64, ""n_iter"": 20}",2.681650399998034,0.8859530539510876,0.8579604579188945,0.8859530539510876,0.8427727306846949,0.8879469222263178,0.8698975675986688,0.8879469222263178,0.8453219718070595,0.8857353483228898,0.8580843213604752,0.8857353483228898,0.8408316764779541
bank_marketing,Bernoulli RBM + Regressão Logística,17,17,"{""learning_rate"": 0.01, ""n_components"": 32, ""n_iter"": 10}",1.0541924000026484,0.8826348777190611,0.8344768694657435,0.8826348777190611,0.8316343094967494,0.8846295613711758,0.8724190579945634,0.8846295613711758,0.8336154063083149,0.8835237744194618,0.8441196190359034,0.8835237744194618,0.8346452458147524
bank_marketing,Bernoulli RBM + Regressão Logística,17,17,"{""learning_rate"": 0.01, ""n_components"": 64, ""n_iter"": 10}",1.555409900000086,0.883003563967064,0.8395287609010925,0.883003563967064,0.8318299485541989,0.8835237744194618,0.8585295307479168,0.8835237744194618,0.8310040343341683,0.8838923700700332,0.8488139962321812,0.8838923700700332,0.8342019162032104
bank_marketing,Bernoulli RBM + Regressão Logística,17,17,"{""learning_rate"": 0.01, ""n_components"": 64, ""n_iter"": 20}",2.9030782000008912,0.883249354799066,0.8432938450624663,0.883249354799066,0.8321832469816061,0.8842609657206045,0.8596094087007952,0.8842609657206045,0.8340750371738735,0.8831551787688905,0.8406455689537148,0.8831551787688905,0.8344422094485001
bank_marketing,Bernoulli RBM + Regressão Logística,17,17,"{""learning_rate"": 0.01, ""n_components"": 128, ""n_iter"": 20}",4.882098100002622,0.88374093646307,0.8541450300119756,0.88374093646307,0.8319964601345436,0.8838923700700332,0.8643995134739789,0.8838923700700332,0.8318787852195039,0.8835237744194618,0.8461664477145495,0.8835237744194618,0.8320183881919211
bank_marketing,Bernoulli RBM + Regressão Logística,17,17,"{""learning_rate"": 0.05, ""n_components"": 64, ""n_iter"": 20}",2.6884815999983402,0.8861988447830896,0.858625507253392,0.8861988447830896,0.8436766552061334,0.8890527091780317,0.8750710184292824,0.8890527091780317,0.8471252743962684,0.8853667526723185,0.8543668367783943,0.8853667526723185,0.8417784119421688
bank_marketing,Bernoulli RBM + Regressão Logística,18,18,"{""learning_rate"": 0.01, ""n_components"": 32, ""n_iter"": 10}",1.0464095999996061,0.8828806685510631,0.8377435045798551,0.8828806685510631,0.8317647357343336,0.8827865831183193,0.8391690220378745,0.8827865831183193,0.8312942285286754,0.8838923700700332,0.8488139962321812,0.8838923700700332,0.8342019162032104
bank_marketing,Bernoulli RBM + Regressão Logística,18,18,"{""learning_rate"": 0.01, ""n_components"": 64, ""n_iter"": 10}",1.5657658999989508,0.883249354799066,0.8436486144076075,0.883249354799066,0.83173655961477,0.8835237744194618,0.8585295307479168,0.8835237744194618,0.8310040343341683,0.8835237744194618,0.8452376219164032,0.8835237744194618,0.8326875341250061
bank_marketing,Bernoulli RBM + Regressão Logística,18,18,"{""learning_rate"": 0.01, ""n_components"": 64, ""n_iter"": 20}",2.9032341000020097,0.883495145631068,0.8474625987450215,0.883495145631068,0.8323141413577747,0.8842609657206045,0.8632648956347937,0.8842609657206045,0.8334163137044154,0.8838923700700332,0.8480232179042639,0.8838923700700332,0.8348483227264616
bank_marketing,Bernoulli RBM + Regressão Logística,18,18,"{""learning_rate"": 0.01, ""n_components"": 128, ""n_iter"": 20}",4.871061100002407,0.8841096227110729,0.8607849653820339,0.8841096227110729,0.8326413844471,0.8835237744194618,0.8585295307479168,0.8835237744194618,0.8310040343341683,0.8842609657206045,0.8561867307897264,0.8842609657206045,0.8337464737824427
bank_marketing,Bernoulli RBM + Regressão Logística,18,18,"{""learning_rate"": 0.05, ""n_components"": 64, ""n_iter"": 20}",2.676624499999889,0.8873049035270985,0.86255347808421,0.8873049035270985,0.8463860076724201,0.888315517876889,0.8678644395919952,0.888315517876889,0.8477476842183009,0.8864725396240324,0.8599684618158411,0.8864725396240324,0.8435887332305682
bank_marketing,Bernoulli RBM + Regressão Logística,19,19,"{""learning_rate"": 0.01, ""n_components"": 32, ""n_iter"": 10}",1.0556397000000288,0.8828806685510631,0.8377435045798551,0.8828806685510631,0.8317647357343336,0.8838923700700332,0.8643995134739789,0.8838923700700332,0.8318787852195039,0.8827865831183193,0.8353571649848834,0.8827865831183193,0.8322935344893113
bank_marketing,Bernoulli RBM + Regressão Logística,19,19,"{""learning_rate"": 0.01, ""n_components"": 64, ""n_iter"": 10}",1.5817309000012756,0.883126459383065,0.84147476612861,0.883126459383065,0.8316715831444997,0.8831551787688905,0.8504271245020284,0.8831551787688905,0.8301249358787092,0.8831551787688905,0.8398888590634068,0.8831551787688905,0.8324905310420471
bank_marketing,Bernoulli RBM + Regressão Logística,19,19,"{""learning_rate"": 0.01, ""n_components"": 64, ""n_iter"": 20}",2.904534400000557,0.8833722502150669,0.8464188384856085,0.8833722502150669,0.8315765364160105,0.8835237744194618,0.8538962808630726,0.8835237744194618,0.831683937632002,0.8831551787688905,0.8401407218711603,0.8831551787688905,0.8331492299568816
bank_marketing,Bernoulli RBM + Regressão Logística,19,19,"{""learning_rate"": 0.01, ""n_components"": 128, ""n_iter"": 20}",4.886978200000158,0.883618041047069,0.8521412232921809,0.883618041047069,0.8317060085107102,0.8835237744194618,0.8585295307479168,0.8835237744194618,0.8310040343341683,0.8838923700700332,0.851648582570403,0.8838923700700332,0.832884544503132
bank_marketing,Bernoulli RBM + Regressão Logística,19,19,"{""learning_rate"": 0.05, ""n_components"": 64, ""n_iter"": 20}",2.6686555999986012,0.8866904264470935,0.8606417905398667,0.8866904264470935,0.8447233254454944,0.890527091780317,0.87931824665811,0.890527091780317,0.8502336085156081,0.8864725396240324,0.8627407067284122,0.8864725396240324,0.8418585688877738
bank_marketing,Bernoulli RBM + Regressão Logística,20,20,"{""learning_rate"": 0.01, ""n_components"": 32, ""n_iter"": 10}",1.0387157000004663,0.8826348777190611,0.8340891990546307,0.8826348777190611,0.8314116711713417,0.8835237744194618,0.8538962808630726,0.8835237744194618,0.831683937632002,0.8835237744194618,0.8443252891681605,0.8835237744194618,0.8340008134836142
bank_marketing,Bernoulli RBM + Regressão Logística,20,20,"{""learning_rate"": 0.01, ""n_components"": 64, ""n_iter"": 10}",1.5519559999993362,0.883126459383065,0.8414283801353318,0.883126459383065,0.8318951612087293,0.8835237744194618,0.8585295307479168,0.8835237744194618,0.8310040343341683,0.8827865831183193,0.8353571649848834,0.8827865831183193,0.8322935344893113
bank_marketing,Bernoulli RBM + Regressão Logística,20,20,"{""learning_rate"": 0.01, ""n_components"": 64, ""n_iter"": 20}",2.8788605999980064,0.88374093646307,0.8531037828052412,0.88374093646307,0.8322212229002008,0.8831551787688905,0.8457186833647038,0.8831551787688905,0.8314890856221591,0.8838923700700332,0.8499529009087249,0.8838923700700332,0.8335473731174914
bank_marketing,Bernoulli RBM + Regressão Logística,20,20,"{""learning_rate"": 0.01, ""n_components"": 128, ""n_iter"": 20}",4.8119948000021395,0.8839867272950719,0.8577125106739772,0.8839867272950719,0.832575934902526,0.8838923700700332,0.8643995134739789,0.8838923700700332,0.8318787852195039,0.8842609657206045,0.8561867307897264,0.8842609657206045,0.8337464737824427
bank_marketing,Bernoulli RBM + Regressão Logística,20,20,"{""learning_rate"": 0.05, ""n_components"": 64, ""n_iter"": 20}",2.6747194999989006,0.8855843677030847,0.8566703748188935,0.8855843677030847,0.841593049683688,0.888315517876889,0.8743506127516744,0.888315517876889,0.8449846158242783,0.8857353483228898,0.8590408834009093,0.8857353483228898,0.8402371020043644
bank_marketing,Bernoulli RBM + Regressão Logística,21,21,"{""learning_rate"": 0.01, ""n_components"": 32, ""n_iter"": 10}",1.043921299999056,0.883003563967064,0.8395287609010925,0.883003563967064,0.8318299485541989,0.8838923700700332,0.8643995134739789,0.8838923700700332,0.8318787852195039,0.8824179874677479,0.8298248172180888,0.8824179874677479,0.8314336889666025
bank_marketing,Bernoulli RBM + Regressão Logística,21,21,"{""learning_rate"": 0.01, ""n_components"": 64, ""n_iter"": 10}",1.553983199999493,0.8828806685510631,0.8370983938236447,0.8828806685510631,0.8310925851999624,0.8827865831183193,0.8384178171164173,0.8827865831183193,0.8292414487176256,0.8831551787688905,0.83963736897161,0.8831551787688905,0.8318234939920407
bank_marketing,Bernoulli RBM + Regressão Logística,21,21,"{""learning_rate"": 0.01, ""n_components"": 64, ""n_iter"": 20}",2.8849145999993198,0.883495145631068,0.8479359503464328,0.883495145631068,0.8320907984366336,0.8831551787688905,0.8473285066022833,0.8831551787688905,0.8308113489351834,0.8835237744194618,0.8446723226671623,0.8835237744194618,0.8333482921340327
bank_marketing,Bernoulli RBM + Regressão Logística,21,21,"{""learning_rate"": 0.01, ""n_components"": 128, ""n_iter"": 20}",4.824873100002151,0.8838638318790709,0.8559962564165586,0.8838638318790709,0.8322864351034033,0.8835237744194618,0.8585295307479168,0.8835237744194618,0.8310040343341683,0.8838923700700332,0.851648582570403,0.8838923700700332,0.832884544503132
bank_marketing,Bernoulli RBM + Regressão Logística,21,21,"{""learning_rate"": 0.05, ""n_components"": 64, ""n_iter"": 20}",2.6760066999995615,0.8860759493670886,0.8585043190351521,0.8860759493670886,0.8430369035972674,0.888315517876889,0.8726514351924374,0.888315517876889,0.845550405920726,0.8853667526723185,0.8554201210864659,0.8853667526723185,0.8406137843389175
heart_disease,Bernoulli RBM + Regressão Logística,1,1,"{""learning_rate"": 0.01, ""n_components"": 32, ""n_iter"": 10}",0.04168559999743593,0.5580110497237569,0.35380520823236733,0.5580110497237569,0.41850846434902456,0.5737704918032787,0.3705780845556514,0.5737704918032787,0.43845007451564827,0.5409836065573771,0.2926632625638269,0.5409836065573771,0.37983955354028603
heart_disease,Bernoulli RBM + Regressão Logística,1,1,"{""learning_rate"": 0.01, ""n_components"": 64, ""n_iter"": 10}",0.05432670000300277,0.5580110497237569,0.3941068139963168,0.5580110497237569,0.426198645785735,0.5737704918032787,0.3705780845556514,0.5737704918032787,0.43845007451564827,0.5409836065573771,0.2975409836065574,0.5409836065573771,0.3839238498149128
heart_disease,Bernoulli RBM + Regressão Logística,1,1,"{""learning_rate"": 0.01, ""n_components"": 64, ""n_iter"": 20}",0.07857660000081523,0.5524861878453039,0.3665039187973789,0.5524861878453039,0.4116063024350317,0.5737704918032787,0.3705780845556514,0.5737704918032787,0.43845007451564827,0.5409836065573771,0.2926632625638269,0.5409836065573771,0.37983955354028603
heart_disease,Bernoulli RBM + Regressão Logística,1,1,"{""learning_rate"": 0.01, ""n_components"": 128, ""n_iter"": 20}",0.12012920000051963,0.5469613259668509,0.3577894309704404,0.5469613259668509,0.39598541261764897,0.5573770491803278,0.3705780845556514,0.5573770491803278,0.42222222222222217,0.5409836065573771,0.2926632625638269,0.5409836065573771,0.37983955354028603
heart_disease,Bernoulli RBM + Regressão Logística,1,1,"{""learning_rate"": 0.05, ""n_components"": 64, ""n_iter"": 20}",0.06578599999920698,0.5414364640883977,0.29315344464454685,0.5414364640883977,0.38036396760331886,0.5409836065573771,0.2926632625638269,0.5409836065573771,0.37983955354028603,0.5409836065573771,0.2926632625638269,0.5409836065573771,0.37983955354028603
heart_disease,Bernoulli RBM + Regressão Logística,2,2,"{""learning_rate"": 0.01, ""n_components"": 32, ""n_iter"": 10}",0.041498099999444094,0.5580110497237569,0.3665039187973789,0.5580110497237569,0.4188254552895437,0.5737704918032787,0.3705780845556514,0.5737704918032787,0.43845007451564827,0.5409836065573771,0.2926632625638269,0.5409836065573771,0.37983955354028603
heart_disease,Bernoulli RBM + Regressão Logística,2,2,"{""learning_rate"": 0.01, ""n_components"": 64, ""n_iter"": 10}",0.05259370000203489,0.5524861878453039,0.3612154696132596,0.5524861878453039,0.4072871511545545,0.5737704918032787,0.3705780845556514,0.5737704918032787,0.43845007451564827,0.5409836065573771,0.2926632625638269,0.5409836065573771,0.37983955354028603
heart_disease,Bernoulli RBM + Regressão Logística,2,2,"{""learning_rate"": 0.01, ""n_components"": 64, ""n_iter"": 20}",0.07763639999757288,0.5580110497237569,0.3781061287421303,0.5580110497237569,0.4198170971651634,0.5737704918032787,0.3705780845556514,0.5737704918032787,0.43845007451564827,0.5409836065573771,0.2926632625638269,0.5409836065573771,0.37983955354028603
heart_disease,Bernoulli RBM + Regressão Logística,2,2,"{""learning_rate"": 0.01, ""n_components"": 128, ""n_iter"": 20}",0.11939899999924819,0.5524861878453039,0.4765739613571808,0.5524861878453039,0.40657291143478985,0.5573770491803278,0.42255511588468064,0.5573770491803278,0.42105026121419564,0.5409836065573771,0.2926632625638269,0.5409836065573771,0.37983955354028603
heart_disease,Bernoulli RBM + Regressão Logística,2,2,"{""learning_rate"": 0.05, ""n_components"": 64, ""n_iter"": 20}",0.06376160000218078,0.5414364640883977,0.29315344464454685,0.5414364640883977,0.38036396760331886,0.5409836065573771,0.2926632625638269,0.5409836065573771,0.37983955354028603,0.5409836065573771,0.2926632625638269,0.5409836065573771,0.37983955354028603
heart_disease,Bernoulli RBM + Regressão Logística,3,3,"{""learning_rate"": 0.01, ""n_components"": 32, ""n_iter"": 10}",0.041790899998886744,0.5580110497237569,0.3629580237505557,0.5580110497237569,0.41593543494745966,0.5737704918032787,0.3705780845556514,0.5737704918032787,0.43845007451564827,0.5409836065573771,0.2926632625638269,0.5409836065573771,0.37983955354028603
heart_disease,Bernoulli RBM + Regressão Logística,3,3,"{""learning_rate"": 0.01, ""n_components"": 64, ""n_iter"": 10}",0.05464410000058706,0.5524861878453039,0.36472072302238695,0.5524861878453039,0.41015596012313715,0.5737704918032787,0.3705780845556514,0.5737704918032787,0.43845007451564827,0.5409836065573771,0.2926632625638269,0.5409836065573771,0.37983955354028603
heart_disease,Bernoulli RBM + Regressão Logística,3,3,"{""learning_rate"": 0.01, ""n_components"": 64, ""n_iter"": 20}",0.07696580000265385,0.56353591160221,0.4023668639053255,0.56353591160221,0.43259143240520115,0.5737704918032787,0.3705780845556514,0.5737704918032787,0.43845007451564827,0.5409836065573771,0.2926632625638269,0.5409836065573771,0.37983955354028603
heart_disease,Bernoulli RBM + Regressão Logística,3,3,"{""learning_rate"": 0.01, ""n_components"": 128, ""n_iter"": 20}",0.1186671999967075,0.5469613259668509,0.3453584917439211,0.5469613259668509,0.39575169343125144,0.5573770491803278,0.42255511588468064,0.5573770491803278,0.42105026121419564,0.5409836065573771,0.2926632625638269,0.5409836065573771,0.37983955354028603
heart_disease,Bernoulli RBM + Regressão Logística,3,3,"{""learning_rate"": 0.05, ""n_components"": 64, ""n_iter"": 20}",0.06470510000144714,0.5414364640883977,0.29315344464454685,0.5414364640883977,0.38036396760331886,0.5409836065573771,0.2975409836065574,0.5409836065573771,0.3839238498149128,0.5409836065573771,0.2926632625638269,0.5409836065573771,0.37983955354028603
heart_disease,Bernoulli RBM + Regressão Logística,4,4,"{""learning_rate"": 0.01, ""n_components"": 32, ""n_iter"": 10}",0.04406639999797335,0.56353591160221,0.409628110945578,0.56353591160221,0.4333493301244248,0.5737704918032787,0.3705780845556514,0.5737704918032787,0.43845007451564827,0.5409836065573771,0.2975409836065574,0.5409836065573771,0.3839238498149128
heart_disease,Bernoulli RBM + Regressão Logística,4,4,"{""learning_rate"": 0.01, ""n_components"": 64, ""n_iter"": 10}",0.052644300001702504,0.5524861878453039,0.37712644754502606,0.5524861878453039,0.40523355097940733,0.5573770491803278,0.3705780845556514,0.5573770491803278,0.42222222222222217,0.5409836065573771,0.2926632625638269,0.5409836065573771,0.37983955354028603
heart_disease,Bernoulli RBM + Regressão Logística,4,4,"{""learning_rate"": 0.01, ""n_components"": 64, ""n_iter"": 20}",0.07504160000098636,0.5524861878453039,0.3629580237505557,0.5524861878453039,0.40871628209294764,0.5737704918032787,0.3705780845556514,0.5737704918032787,0.43845007451564827,0.5409836065573771,0.2926632625638269,0.5409836065573771,0.37983955354028603
heart_disease,Bernoulli RBM + Regressão Logística,4,4,"{""learning_rate"": 0.01, ""n_components"": 128, ""n_iter"": 20}",0.11817949999749544,0.5469613259668509,0.337945755901557,0.5469613259668509,0.39690072865350867,0.5573770491803278,0.42795513373597927,0.5573770491803278,0.42540983606557375,0.5409836065573771,0.2926632625638269,0.5409836065573771,0.37983955354028603
heart_disease,Bernoulli RBM + Regressão Logística,4,4,"{""learning_rate"": 0.05, ""n_components"": 64, ""n_iter"": 20}",0.06607819999771891,0.5414364640883977,0.29315344464454685,0.5414364640883977,0.38036396760331886,0.5409836065573771,0.2926632625638269,0.5409836065573771,0.37983955354028603,0.5409836065573771,0.2926632625638269,0.5409836065573771,0.37983955354028603
heart_disease,Bernoulli RBM + Regressão Logística,5,5,"{""learning_rate"": 0.01, ""n_components"": 32, ""n_iter"": 10}",0.04265769999983604,0.5580110497237569,0.35563048423789406,0.5580110497237569,0.41998049379697056,0.5737704918032787,0.3705780845556514,0.5737704918032787,0.43845007451564827,0.5409836065573771,0.2926632625638269,0.5409836065573771,0.37983955354028603
heart_disease,Bernoulli RBM + Regressão Logística,5,5,"{""learning_rate"": 0.01, ""n_components"": 64, ""n_iter"": 10}",0.05488870000044699,0.5524861878453039,0.38584093537196457,0.5524861878453039,0.41237978309801515,0.5573770491803278,0.3705780845556514,0.5573770491803278,0.42222222222222217,0.5409836065573771,0.2926632625638269,0.5409836065573771,0.37983955354028603
heart_disease,Bernoulli RBM + Regressão Logística,5,5,"{""learning_rate"": 0.01, ""n_components"": 64, ""n_iter"": 20}",0.07959880000271369,0.5580110497237569,0.37456023369530705,0.5580110497237569,0.41692707682307945,0.5737704918032787,0.3705780845556514,0.5737704918032787,0.43845007451564827,0.5409836065573771,0.2926632625638269,0.5409836065573771,0.37983955354028603
heart_disease,Bernoulli RBM + Regressão Logística,5,5,"{""learning_rate"": 0.01, ""n_components"": 128, ""n_iter"": 20}",0.12093839999943157,0.5469613259668509,0.3453584917439211,0.5469613259668509,0.39575169343125144,0.5573770491803278,0.42255511588468064,0.5573770491803278,0.42105026121419564,0.5409836065573771,0.2926632625638269,0.5409836065573771,0.37983955354028603
heart_disease,Bernoulli RBM + Regressão Logística,5,5,"{""learning_rate"": 0.05, ""n_components"": 64, ""n_iter"": 20}",0.06559310000011465,0.5414364640883977,0.29315344464454685,0.5414364640883977,0.38036396760331886,0.5409836065573771,0.2926632625638269,0.5409836065573771,0.37983955354028603,0.5409836065573771,0.2926632625638269,0.5409836065573771,0.37983955354028603
heart_disease,Bernoulli RBM + Regressão Logística,6,6,"{""learning_rate"": 0.01, ""n_components"": 32, ""n_iter"": 10}",0.06857060000038473,0.569060773480663,0.4015953316026537,0.569060773480663,0.4422645494468699,0.5901639344262295,0.4721311475409836,0.5901639344262295,0.47520921701249574,0.5409836065573771,0.30258405112531256,0.5409836065573771,0.38809693513898785
heart_disease,Bernoulli RBM + Regressão Logística,6,6,"{""learning_rate"": 0.01, ""n_components"": 64, ""n_iter"": 10}",0.05219570000190288,0.5524861878453039,0.3788297338021095,0.5524861878453039,0.4066419324918337,0.5737704918032787,0.3705780845556514,0.5737704918032787,0.43845007451564827,0.5409836065573771,0.2926632625638269,0.5409836065573771,0.37983955354028603
heart_disease,Bernoulli RBM + Regressão Logística,6,6,"{""learning_rate"": 0.01, ""n_components"": 64, ""n_iter"": 20}",0.07785339999827556,0.5524861878453039,0.36472072302238695,0.5524861878453039,0.41015596012313715,0.5737704918032787,0.3705780845556514,0.5737704918032787,0.43845007451564827,0.5409836065573771,0.2926632625638269,0.5409836065573771,0.37983955354028603
heart_disease,Bernoulli RBM + Regressão Logística,6,6,"{""learning_rate"": 0.01, ""n_components"": 128, ""n_iter"": 20}",0.12559419999888632,0.5469613259668509,0.3453584917439211,0.5469613259668509,0.39575169343125144,0.5573770491803278,0.42255511588468064,0.5573770491803278,0.42105026121419564,0.5409836065573771,0.2926632625638269,0.5409836065573771,0.37983955354028603
heart_disease,Bernoulli RBM + Regressão Logística,6,6,"{""learning_rate"": 0.05, ""n_components"": 64, ""n_iter"": 20}",0.06614619999891147,0.5414364640883977,0.29315344464454685,0.5414364640883977,0.38036396760331886,0.5409836065573771,0.2926632625638269,0.5409836065573771,0.37983955354028603,0.5409836065573771,0.2926632625638269,0.5409836065573771,0.37983955354028603
heart_disease,Bernoulli RBM + Regressão Logística,7,7,"{""learning_rate"": 0.01, ""n_components"": 32, ""n_iter"": 10}",0.04271650000009686,0.56353591160221,0.3985302874913157,0.56353591160221,0.4351350366417247,0.5737704918032787,0.3705780845556514,0.5737704918032787,0.43845007451564827,0.5409836065573771,0.2975409836065574,0.5409836065573771,0.3839238498149128
heart_disease,Bernoulli RBM + Regressão Logística,7,7,"{""learning_rate"": 0.01, ""n_components"": 64, ""n_iter"": 10}",0.05272690000128932,0.5580110497237569,0.39617902409582617,0.5580110497237569,0.4236554795085347,0.5737704918032787,0.3705780845556514,0.5737704918032787,0.43845007451564827,0.5409836065573771,0.2926632625638269,0.5409836065573771,0.37983955354028603
heart_disease,Bernoulli RBM + Regressão Logística,7,7,"{""learning_rate"": 0.01, ""n_components"": 64, ""n_iter"": 20}",0.0764757999968424,0.5524861878453039,0.3665039187973789,0.5524861878453039,0.4116063024350317,0.5737704918032787,0.3705780845556514,0.5737704918032787,0.43845007451564827,0.5409836065573771,0.2926632625638269,0.5409836065573771,0.37983955354028603
heart_disease,Bernoulli RBM + Regressão Logística,7,7,"{""learning_rate"": 0.01, ""n_components"": 128, ""n_iter"": 20}",0.11765260000174749,0.5524861878453039,0.5052765534794215,0.5524861878453039,0.40546413311246365,0.5573770491803278,0.4173381494859683,0.5573770491803278,0.41678545972915176,0.5409836065573771,0.2926632625638269,0.5409836065573771,0.37983955354028603
heart_disease,Bernoulli RBM + Regressão Logística,7,7,"{""learning_rate"": 0.05, ""n_components"": 64, ""n_iter"": 20}",0.06640950000291923,0.5414364640883977,0.29315344464454685,0.5414364640883977,0.38036396760331886,0.5409836065573771,0.2975409836065574,0.5409836065573771,0.3839238498149128,0.5409836065573771,0.2926632625638269,0.5409836065573771,0.37983955354028603
heart_disease,Bernoulli RBM + Regressão Logística,8,8,"{""learning_rate"": 0.01, ""n_components"": 32, ""n_iter"": 10}",0.043919200001255376,0.569060773480663,0.42477338141396764,0.569060773480663,0.4443281672470639,0.5737704918032787,0.3705780845556514,0.5737704918032787,0.43845007451564827,0.5409836065573771,0.2975409836065574,0.5409836065573771,0.3839238498149128
heart_disease,Bernoulli RBM + Regressão Logística,8,8,"{""learning_rate"": 0.01, ""n_components"": 64, ""n_iter"": 10}",0.05792770000334713,0.5524861878453039,0.3612154696132596,0.5524861878453039,0.4072871511545545,0.5737704918032787,0.3705780845556514,0.5737704918032787,0.43845007451564827,0.5409836065573771,0.2926632625638269,0.5409836065573771,0.37983955354028603
heart_disease,Bernoulli RBM + Regressão Logística,8,8,"{""learning_rate"": 0.01, ""n_components"": 64, ""n_iter"": 20}",0.07455710000067484,0.56353591160221,0.4163742690058479,0.56353591160221,0.43087403542753344,0.5573770491803278,0.35145240149554213,0.5573770491803278,0.4196721311475409,0.5409836065573771,0.2926632625638269,0.5409836065573771,0.37983955354028603
heart_disease,Bernoulli RBM + Regressão Logística,8,8,"{""learning_rate"": 0.01, ""n_components"": 128, ""n_iter"": 20}",0.11823870000080206,0.5469613259668509,0.3577894309704404,0.5469613259668509,0.39598541261764897,0.5573770491803278,0.3705780845556514,0.5573770491803278,0.42222222222222217,0.5409836065573771,0.2926632625638269,0.5409836065573771,0.37983955354028603
heart_disease,Bernoulli RBM + Regressão Logística,8,8,"{""learning_rate"": 0.05, ""n_components"": 64, ""n_iter"": 20}",0.06479110000145738,0.5414364640883977,0.29315344464454685,0.5414364640883977,0.38036396760331886,0.5409836065573771,0.2926632625638269,0.5409836065573771,0.37983955354028603,0.5409836065573771,0.2926632625638269,0.5409836065573771,0.37983955354028603
heart_disease,Bernoulli RBM + Regressão Logística,9,9,"{""learning_rate"": 0.01, ""n_components"": 32, ""n_iter"": 10}",0.04265479999958188,0.56353591160221,0.37198012357383375,0.56353591160221,0.4294650737825575,0.5737704918032787,0.3705780845556514,0.5737704918032787,0.43845007451564827,0.5409836065573771,0.2926632625638269,0.5409836065573771,0.37983955354028603
heart_disease,Bernoulli RBM + Regressão Logística,9,9,"{""learning_rate"": 0.01, ""n_components"": 64, ""n_iter"": 10}",0.05544190000000526,0.5524861878453039,0.35949271722752385,0.5524861878453039,0.4058684518288503,0.5737704918032787,0.3705780845556514,0.5737704918032787,0.43845007451564827,0.5409836065573771,0.2926632625638269,0.5409836065573771,0.37983955354028603
heart_disease,Bernoulli RBM + Regressão Logística,9,9,"{""learning_rate"": 0.01, ""n_components"": 64, ""n_iter"": 20}",0.07754909999857773,0.5580110497237569,0.3947701788224526,0.5580110497237569,0.42491619339186754,0.5901639344262295,0.5564988290398126,0.5901639344262295,0.4729622621499579,0.5409836065573771,0.2975409836065574,0.5409836065573771,0.3839238498149128
heart_disease,Bernoulli RBM + Regressão Logística,9,9,"{""learning_rate"": 0.01, ""n_components"": 128, ""n_iter"": 20}",0.12303569999858155,0.5469613259668509,0.3577894309704404,0.5469613259668509,0.39598541261764897,0.5573770491803278,0.42255511588468064,0.5573770491803278,0.42105026121419564,0.5409836065573771,0.2926632625638269,0.5409836065573771,0.37983955354028603
heart_disease,Bernoulli RBM + Regressão Logística,9,9,"{""learning_rate"": 0.05, ""n_components"": 64, ""n_iter"": 20}",0.06402349999916623,0.5414364640883977,0.29315344464454685,0.5414364640883977,0.38036396760331886,0.5409836065573771,0.2926632625638269,0.5409836065573771,0.37983955354028603,0.5409836065573771,0.2926632625638269,0.5409836065573771,0.37983955354028603
heart_disease,Bernoulli RBM + Regressão Logística,10,10,"{""learning_rate"": 0.01, ""n_components"": 32, ""n_iter"": 10}",0.044594699997105636,0.5580110497237569,0.3520011563664397,0.5580110497237569,0.41704733882291506,0.5737704918032787,0.3705780845556514,0.5737704918032787,0.43845007451564827,0.5409836065573771,0.2926632625638269,0.5409836065573771,0.37983955354028603
heart_disease,Bernoulli RBM + Regressão Logística,10,10,"{""learning_rate"": 0.01, ""n_components"": 64, ""n_iter"": 10}",0.05342250000103377,0.5524861878453039,0.36472072302238695,0.5524861878453039,0.41015596012313715,0.5737704918032787,0.3705780845556514,0.5737704918032787,0.43845007451564827,0.5409836065573771,0.2926632625638269,0.5409836065573771,0.37983955354028603
heart_disease,Bernoulli RBM + Regressão Logística,10,10,"{""learning_rate"": 0.01, ""n_components"": 64, ""n_iter"": 20}",0.0798925999988569,0.56353591160221,0.4065973350666233,0.56353591160221,0.43135442299985977,0.5737704918032787,0.3705780845556514,0.5737704918032787,0.43845007451564827,0.5409836065573771,0.2926632625638269,0.5409836065573771,0.37983955354028603
heart_disease,Bernoulli RBM + Regressão Logística,10,10,"{""learning_rate"": 0.01, ""n_components"": 128, ""n_iter"": 20}",0.12028139999893028,0.5469613259668509,0.3588677137004159,0.5469613259668509,0.3946272719993595,0.5573770491803278,0.42255511588468064,0.5573770491803278,0.42105026121419564,0.5409836065573771,0.2926632625638269,0.5409836065573771,0.37983955354028603
heart_disease,Bernoulli RBM + Regressão Logística,10,10,"{""learning_rate"": 0.05, ""n_components"": 64, ""n_iter"": 20}",0.06547460000001593,0.5414364640883977,0.29315344464454685,0.5414364640883977,0.38036396760331886,0.5409836065573771,0.2975409836065574,0.5409836065573771,0.3839238498149128,0.5409836065573771,0.2926632625638269,0.5409836065573771,0.37983955354028603
heart_disease,Bernoulli RBM + Regressão Logística,11,11,"{""learning_rate"": 0.01, ""n_components"": 32, ""n_iter"": 10}",0.04263569999966421,0.569060773480663,0.36107967782733136,0.569060773480663,0.43512472794240753,0.5901639344262295,0.4721311475409836,0.5901639344262295,0.47520921701249574,0.5409836065573771,0.30258405112531256,0.5409836065573771,0.38809693513898785
heart_disease,Bernoulli RBM + Regressão Logística,11,11,"{""learning_rate"": 0.01, ""n_components"": 64, ""n_iter"": 10}",0.05290229999809526,0.5524861878453039,0.3629580237505557,0.5524861878453039,0.40871628209294764,0.5737704918032787,0.3705780845556514,0.5737704918032787,0.43845007451564827,0.5409836065573771,0.2926632625638269,0.5409836065573771,0.37983955354028603
heart_disease,Bernoulli RBM + Regressão Logística,11,11,"{""learning_rate"": 0.01, ""n_components"": 64, ""n_iter"": 20}",0.07748359999823151,0.5524861878453039,0.36472072302238695,0.5524861878453039,0.41015596012313715,0.5737704918032787,0.3705780845556514,0.5737704918032787,0.43845007451564827,0.5409836065573771,0.2926632625638269,0.5409836065573771,0.37983955354028603
heart_disease,Bernoulli RBM + Regressão Logística,11,11,"{""learning_rate"": 0.01, ""n_components"": 128, ""n_iter"": 20}",0.1192096999984642,0.5469613259668509,0.3612154696132596,0.5469613259668509,0.39881249345577957,0.5573770491803278,0.42255511588468064,0.5573770491803278,0.42105026121419564,0.5409836065573771,0.2926632625638269,0.5409836065573771,0.37983955354028603
heart_disease,Bernoulli RBM + Regressão Logística,11,11,"{""learning_rate"": 0.05, ""n_components"": 64, ""n_iter"": 20}",0.06507289999717614,0.5414364640883977,0.29315344464454685,0.5414364640883977,0.38036396760331886,0.5409836065573771,0.2926632625638269,0.5409836065573771,0.37983955354028603,0.5409836065573771,0.2926632625638269,0.5409836065573771,0.37983955354028603
heart_disease,Bernoulli RBM + Regressão Logística,12,12,"{""learning_rate"": 0.01, ""n_components"": 32, ""n_iter"": 10}",0.04376430000047549,0.5524861878453039,0.3526431069992481,0.5524861878453039,0.41464743656065284,0.5737704918032787,0.3705780845556514,0.5737704918032787,0.43845007451564827,0.5409836065573771,0.2926632625638269,0.5409836065573771,0.37983955354028603
heart_disease,Bernoulli RBM + Regressão Logística,12,12,"{""learning_rate"": 0.01, ""n_components"": 64, ""n_iter"": 10}",0.05326900000000023,0.5524861878453039,0.3629580237505557,0.5524861878453039,0.40871628209294764,0.5573770491803278,0.35145240149554213,0.5573770491803278,0.4196721311475409,0.5409836065573771,0.2926632625638269,0.5409836065573771,0.37983955354028603
heart_disease,Bernoulli RBM + Regressão Logística,12,12,"{""learning_rate"": 0.01, ""n_components"": 64, ""n_iter"": 20}",0.07507919999989099,0.5580110497237569,0.36002067784562697,0.5580110497237569,0.4193657705025776,0.5737704918032787,0.3705780845556514,0.5737704918032787,0.43845007451564827,0.5409836065573771,0.2926632625638269,0.5409836065573771,0.37983955354028603
heart_disease,Bernoulli RBM + Regressão Logística,12,12,"{""learning_rate"": 0.01, ""n_components"": 128, ""n_iter"": 20}",0.12455200000113109,0.5469613259668509,0.3577894309704404,0.5469613259668509,0.39598541261764897,0.5573770491803278,0.3705780845556514,0.5573770491803278,0.42222222222222217,0.5409836065573771,0.2926632625638269,0.5409836065573771,0.37983955354028603
heart_disease,Bernoulli RBM + Regressão Logística,12,12,"{""learning_rate"": 0.05, ""n_components"": 64, ""n_iter"": 20}",0.06328109999958542,0.5414364640883977,0.29315344464454685,0.5414364640883977,0.38036396760331886,0.5409836065573771,0.2926632625638269,0.5409836065573771,0.37983955354028603,0.5409836065573771,0.2926632625638269,0.5409836065573771,0.37983955354028603
heart_disease,Bernoulli RBM + Regressão Logística,13,13,"{""learning_rate"": 0.01, ""n_components"": 32, ""n_iter"": 10}",0.04343679999874439,0.56353591160221,0.3599190368634905,0.56353591160221,0.429464192640467,0.5901639344262295,0.4721311475409836,0.5901639344262295,0.47520921701249574,0.5409836065573771,0.3078010175240249,0.5409836065573771,0.39236173662403173
heart_disease,Bernoulli RBM + Regressão Logística,13,13,"{""learning_rate"": 0.01, ""n_components"": 64, ""n_iter"": 10}",0.05256599999847822,0.5524861878453039,0.38055248618784526,0.5524861878453039,0.40806063181753793,0.5737704918032787,0.3705780845556514,0.5737704918032787,0.43845007451564827,0.5409836065573771,0.2926632625638269,0.5409836065573771,0.37983955354028603
heart_disease,Bernoulli RBM + Regressão Logística,13,13,"{""learning_rate"": 0.01, ""n_components"": 64, ""n_iter"": 20}",0.07629200000155834,0.56353591160221,0.4138880811605441,0.56353591160221,0.4301417398420829,0.5737704918032787,0.3705780845556514,0.5737704918032787,0.43845007451564827,0.5409836065573771,0.2926632625638269,0.5409836065573771,0.37983955354028603
heart_disease,Bernoulli RBM + Regressão Logística,13,13,"{""learning_rate"": 0.01, ""n_components"": 128, ""n_iter"": 20}",0.12622940000073868,0.5414364640883977,0.2997783812466835,0.5414364640883977,0.3858965344048217,0.5573770491803278,0.42255511588468064,0.5573770491803278,0.42105026121419564,0.5409836065573771,0.2926632625638269,0.5409836065573771,0.37983955354028603
heart_disease,Bernoulli RBM + Regressão Logística,13,13,"{""learning_rate"": 0.05, ""n_components"": 64, ""n_iter"": 20}",0.0636941000011575,0.5414364640883977,0.29315344464454685,0.5414364640883977,0.38036396760331886,0.5409836065573771,0.2926632625638269,0.5409836065573771,0.37983955354028603,0.5409836065573771,0.2926632625638269,0.5409836065573771,0.37983955354028603
heart_disease,Bernoulli RBM + Regressão Logística,14,14,"{""learning_rate"": 0.01, ""n_components"": 32, ""n_iter"": 10}",0.041523199997755,0.574585635359116,0.4155030972710531,0.574585635359116,0.44851735182176544,0.5901639344262295,0.5564988290398126,0.5901639344262295,0.4729622621499579,0.5409836065573771,0.3078010175240249,0.5409836065573771,0.39236173662403173
heart_disease,Bernoulli RBM + Regressão Logística,14,14,"{""learning_rate"": 0.01, ""n_components"": 64, ""n_iter"": 10}",0.05204059999960009,0.5524861878453039,0.3612154696132596,0.5524861878453039,0.4072871511545545,0.5737704918032787,0.3705780845556514,0.5737704918032787,0.43845007451564827,0.5409836065573771,0.2926632625638269,0.5409836065573771,0.37983955354028603
heart_disease,Bernoulli RBM + Regressão Logística,14,14,"{""learning_rate"": 0.01, ""n_components"": 64, ""n_iter"": 20}",0.07798879999972996,0.5580110497237569,0.39617902409582617,0.5580110497237569,0.4236554795085347,0.5737704918032787,0.3705780845556514,0.5737704918032787,0.43845007451564827,0.5409836065573771,0.2926632625638269,0.5409836065573771,0.37983955354028603
heart_disease,Bernoulli RBM + Regressão Logística,14,14,"{""learning_rate"": 0.01, ""n_components"": 128, ""n_iter"": 20}",0.12352710000050138,0.5469613259668509,0.3588677137004159,0.5469613259668509,0.3946272719993595,0.5573770491803278,0.42255511588468064,0.5573770491803278,0.42105026121419564,0.5409836065573771,0.2926632625638269,0.5409836065573771,0.37983955354028603
heart_disease,Bernoulli RBM + Regressão Logística,14,14,"{""learning_rate"": 0.05, ""n_components"": 64, ""n_iter"": 20}",0.06507710000005318,0.5414364640883977,0.29315344464454685,0.5414364640883977,0.38036396760331886,0.5409836065573771,0.2926632625638269,0.5409836065573771,0.37983955354028603,0.5409836065573771,0.2926632625638269,0.5409836065573771,0.37983955354028603
heart_disease,Bernoulli RBM + Regressão Logística,15,15,"{""learning_rate"": 0.01, ""n_components"": 32, ""n_iter"": 10}",0.04152059999978519,0.56353591160221,0.40015691915394425,0.56353591160221,0.4319166685725426,0.5737704918032787,0.3705780845556514,0.5737704918032787,0.43845007451564827,0.5409836065573771,0.2975409836065574,0.5409836065573771,0.3839238498149128
heart_disease,Bernoulli RBM + Regressão Logística,15,15,"{""learning_rate"": 0.01, ""n_components"": 64, ""n_iter"": 10}",0.05426390000138781,0.5469613259668509,0.35949271722752385,0.5469613259668509,0.39739379413007536,0.5573770491803278,0.3705780845556514,0.5573770491803278,0.42222222222222217,0.5409836065573771,0.2926632625638269,0.5409836065573771,0.37983955354028603
heart_disease,Bernoulli RBM + Regressão Logística,15,15,"{""learning_rate"": 0.01, ""n_components"": 64, ""n_iter"": 20}",0.07573020000199904,0.56353591160221,0.41212219694507635,0.56353591160221,0.43210001839506257,0.5737704918032787,0.3705780845556514,0.5737704918032787,0.43845007451564827,0.5409836065573771,0.2926632625638269,0.5409836065573771,0.37983955354028603
heart_disease,Bernoulli RBM + Regressão Logística,15,15,"{""learning_rate"": 0.01, ""n_components"": 128, ""n_iter"": 20}",0.12280410000312258,0.5469613259668509,0.3612154696132596,0.5469613259668509,0.39881249345577957,0.5573770491803278,0.42255511588468064,0.5573770491803278,0.42105026121419564,0.5409836065573771,0.2926632625638269,0.5409836065573771,0.37983955354028603
heart_disease,Bernoulli RBM + Regressão Logística,15,15,"{""learning_rate"": 0.05, ""n_components"": 64, ""n_iter"": 20}",0.0643822000020009,0.5414364640883977,0.29315344464454685,0.5414364640883977,0.38036396760331886,0.5409836065573771,0.2926632625638269,0.5409836065573771,0.37983955354028603,0.5409836065573771,0.2926632625638269,0.5409836065573771,0.37983955354028603
heart_disease,Bernoulli RBM + Regressão Logística,16,16,"{""learning_rate"": 0.01, ""n_components"": 32, ""n_iter"": 10}",0.04359969999859459,0.56353591160221,0.36413802229794556,0.56353591160221,0.4303998547327857,0.5901639344262295,0.4721311475409836,0.5901639344262295,0.47520921701249574,0.5409836065573771,0.2975409836065574,0.5409836065573771,0.3839238498149128
heart_disease,Bernoulli RBM + Regressão Logística,16,16,"{""learning_rate"": 0.01, ""n_components"": 64, ""n_iter"": 10}",0.05373379999946337,0.5580110497237569,0.36472072302238695,0.5580110497237569,0.4173751129776491,0.5737704918032787,0.3705780845556514,0.5737704918032787,0.43845007451564827,0.5409836065573771,0.2926632625638269,0.5409836065573771,0.37983955354028603
heart_disease,Bernoulli RBM + Regressão Logística,16,16,"{""learning_rate"": 0.01, ""n_components"": 64, ""n_iter"": 20}",0.0778917999996338,0.5524861878453039,0.34789050728277243,0.5524861878453039,0.40515446967840407,0.5737704918032787,0.3705780845556514,0.5737704918032787,0.43845007451564827,0.5409836065573771,0.2926632625638269,0.5409836065573771,0.37983955354028603
heart_disease,Bernoulli RBM + Regressão Logística,16,16,"{""learning_rate"": 0.01, ""n_components"": 128, ""n_iter"": 20}",0.11857560000134981,0.5414364640883977,0.2997783812466835,0.5414364640883977,0.3858965344048217,0.5573770491803278,0.42255511588468064,0.5573770491803278,0.42105026121419564,0.5409836065573771,0.2926632625638269,0.5409836065573771,0.37983955354028603
heart_disease,Bernoulli RBM + Regressão Logística,16,16,"{""learning_rate"": 0.05, ""n_components"": 64, ""n_iter"": 20}",0.06513960000302177,0.5414364640883977,0.29315344464454685,0.5414364640883977,0.38036396760331886,0.5409836065573771,0.2926632625638269,0.5409836065573771,0.37983955354028603,0.5409836065573771,0.2926632625638269,0.5409836065573771,0.37983955354028603
heart_disease,Bernoulli RBM + Regressão Logística,17,17,"{""learning_rate"": 0.01, ""n_components"": 32, ""n_iter"": 10}",0.04562159999841242,0.56353591160221,0.3958103130755065,0.56353591160221,0.43255356910088133,0.5737704918032787,0.37617096018735363,0.5737704918032787,0.44290761734121475,0.5409836065573771,0.2975409836065574,0.5409836065573771,0.3839238498149128
heart_disease,Bernoulli RBM + Regressão Logística,17,17,"{""learning_rate"": 0.01, ""n_components"": 64, ""n_iter"": 10}",0.05322620000151801,0.5414364640883977,0.2997783812466835,0.5414364640883977,0.3858965344048217,0.5573770491803278,0.3705780845556514,0.5573770491803278,0.42222222222222217,0.5409836065573771,0.2926632625638269,0.5409836065573771,0.37983955354028603
heart_disease,Bernoulli RBM + Regressão Logística,17,17,"{""learning_rate"": 0.01, ""n_components"": 64, ""n_iter"": 20}",0.08016520000091987,0.5524861878453039,0.3612154696132596,0.5524861878453039,0.4072871511545545,0.5573770491803278,0.35145240149554213,0.5573770491803278,0.4196721311475409,0.5409836065573771,0.2926632625638269,0.5409836065573771,0.37983955354028603
heart_disease,Bernoulli RBM + Regressão Logística,17,17,"{""learning_rate"": 0.01, ""n_components"": 128, ""n_iter"": 20}",0.12365890000000945,0.5469613259668509,0.3453584917439211,0.5469613259668509,0.39575169343125144,0.5573770491803278,0.42255511588468064,0.5573770491803278,0.42105026121419564,0.5409836065573771,0.2926632625638269,0.5409836065573771,0.37983955354028603
heart_disease,Bernoulli RBM + Regressão Logística,17,17,"{""learning_rate"": 0.05, ""n_components"": 64, ""n_iter"": 20}",0.0635191000001214,0.5414364640883977,0.29315344464454685,0.5414364640883977,0.38036396760331886,0.5409836065573771,0.2926632625638269,0.5409836065573771,0.37983955354028603,0.5409836065573771,0.2926632625638269,0.5409836065573771,0.37983955354028603
heart_disease,Bernoulli RBM + Regressão Logística,18,18,"{""learning_rate"": 0.01, ""n_components"": 32, ""n_iter"": 10}",0.04396649999762303,0.56353591160221,0.3958103130755065,0.56353591160221,0.43255356910088133,0.5737704918032787,0.3705780845556514,0.5737704918032787,0.43845007451564827,0.5409836065573771,0.2975409836065574,0.5409836065573771,0.3839238498149128
heart_disease,Bernoulli RBM + Regressão Logística,18,18,"{""learning_rate"": 0.01, ""n_components"": 64, ""n_iter"": 10}",0.05325820000143722,0.5524861878453039,0.38405773959697254,0.5524861878453039,0.41092944078612054,0.5573770491803278,0.35145240149554213,0.5573770491803278,0.4196721311475409,0.5409836065573771,0.2926632625638269,0.5409836065573771,0.37983955354028603
heart_disease,Bernoulli RBM + Regressão Logística,18,18,"{""learning_rate"": 0.01, ""n_components"": 64, ""n_iter"": 20}",0.07496900000114692,0.5524861878453039,0.36037791362908234,0.5524861878453039,0.4153085311443993,0.5737704918032787,0.3705780845556514,0.5737704918032787,0.43845007451564827,0.5409836065573771,0.2926632625638269,0.5409836065573771,0.37983955354028603
heart_disease,Bernoulli RBM + Regressão Logística,18,18,"{""learning_rate"": 0.01, ""n_components"": 128, ""n_iter"": 20}",0.1179788000008557,0.5469613259668509,0.3588677137004159,0.5469613259668509,0.3946272719993595,0.5573770491803278,0.42255511588468064,0.5573770491803278,0.42105026121419564,0.5409836065573771,0.2926632625638269,0.5409836065573771,0.37983955354028603
heart_disease,Bernoulli RBM + Regressão Logística,18,18,"{""learning_rate"": 0.05, ""n_components"": 64, ""n_iter"": 20}",0.06478720000086469,0.5414364640883977,0.29315344464454685,0.5414364640883977,0.38036396760331886,0.5409836065573771,0.2926632625638269,0.5409836065573771,0.37983955354028603,0.5409836065573771,0.2926632625638269,0.5409836065573771,0.37983955354028603
heart_disease,Bernoulli RBM + Regressão Logística,19,19,"{""learning_rate"": 0.01, ""n_components"": 32, ""n_iter"": 10}",0.041420100002142135,0.574585635359116,0.4083479315456138,0.574585635359116,0.4497980970615258,0.5901639344262295,0.4721311475409836,0.5901639344262295,0.47520921701249574,0.5409836065573771,0.31320103537532357,0.5409836065573771,0.39672131147540984
heart_disease,Bernoulli RBM + Regressão Logística,19,19,"{""learning_rate"": 0.01, ""n_components"": 64, ""n_iter"": 10}",0.05176399999982095,0.5524861878453039,0.38229504032514133,0.5524861878453039,0.4094897627559311,0.5737704918032787,0.3705780845556514,0.5737704918032787,0.43845007451564827,0.5409836065573771,0.2926632625638269,0.5409836065573771,0.37983955354028603
heart_disease,Bernoulli RBM + Regressão Logística,19,19,"{""learning_rate"": 0.01, ""n_components"": 64, ""n_iter"": 20}",0.07627969999884954,0.5524861878453039,0.38229504032514133,0.5524861878453039,0.4094897627559311,0.5737704918032787,0.3705780845556514,0.5737704918032787,0.43845007451564827,0.5409836065573771,0.2926632625638269,0.5409836065573771,0.37983955354028603
heart_disease,Bernoulli RBM + Regressão Logística,19,19,"{""learning_rate"": 0.01, ""n_components"": 128, ""n_iter"": 20}",0.1193106999999145,0.5469613259668509,0.3577894309704404,0.5469613259668509,0.39598541261764897,0.5573770491803278,0.3705780845556514,0.5573770491803278,0.42222222222222217,0.5409836065573771,0.2926632625638269,0.5409836065573771,0.37983955354028603
heart_disease,Bernoulli RBM + Regressão Logística,19,19,"{""learning_rate"": 0.05, ""n_components"": 64, ""n_iter"": 20}",0.0640583999993396,0.5414364640883977,0.29315344464454685,0.5414364640883977,0.38036396760331886,0.5409836065573771,0.2926632625638269,0.5409836065573771,0.37983955354028603,0.5409836065573771,0.2926632625638269,0.5409836065573771,0.37983955354028603
heart_disease,Bernoulli RBM + Regressão Logística,20,20,"{""learning_rate"": 0.01, ""n_components"": 32, ""n_iter"": 10}",0.042842700000619516,0.5524861878453039,0.3665039187973789,0.5524861878453039,0.4116063024350317,0.5737704918032787,0.3705780845556514,0.5737704918032787,0.43845007451564827,0.5409836065573771,0.2926632625638269,0.5409836065573771,0.37983955354028603
heart_disease,Bernoulli RBM + Regressão Logística,20,20,"{""learning_rate"": 0.01, ""n_components"": 64, ""n_iter"": 10}",0.05477690000043367,0.5524861878453039,0.37712644754502606,0.5524861878453039,0.40523355097940733,0.5737704918032787,0.3843037497644621,0.5737704918032787,0.438263375968294,0.5409836065573771,0.2926632625638269,0.5409836065573771,0.37983955354028603
heart_disease,Bernoulli RBM + Regressão Logística,20,20,"{""learning_rate"": 0.01, ""n_components"": 64, ""n_iter"": 20}",0.07918839999911143,0.5580110497237569,0.39869471099479825,0.5580110497237569,0.42241719421698476,0.5573770491803278,0.35145240149554213,0.5573770491803278,0.4196721311475409,0.5409836065573771,0.2975409836065574,0.5409836065573771,0.3839238498149128
heart_disease,Bernoulli RBM + Regressão Logística,20,20,"{""learning_rate"": 0.01, ""n_components"": 128, ""n_iter"": 20}",0.12167930000214255,0.5469613259668509,0.337945755901557,0.5469613259668509,0.39690072865350867,0.5573770491803278,0.36517806670435277,0.5573770491803278,0.4178626473708441,0.5409836065573771,0.2926632625638269,0.5409836065573771,0.37983955354028603
heart_disease,Bernoulli RBM + Regressão Logística,20,20,"{""learning_rate"": 0.05, ""n_components"": 64, ""n_iter"": 20}",0.06650550000267685,0.5414364640883977,0.29315344464454685,0.5414364640883977,0.38036396760331886,0.5409836065573771,0.2926632625638269,0.5409836065573771,0.37983955354028603,0.5409836065573771,0.2926632625638269,0.5409836065573771,0.37983955354028603
heart_disease,Bernoulli RBM + Regressão Logística,21,21,"{""learning_rate"": 0.01, ""n_components"": 32, ""n_iter"": 10}",0.041729799999302486,0.56353591160221,0.3959484346224678,0.56353591160221,0.43316482877401746,0.5737704918032787,0.3705780845556514,0.5737704918032787,0.43845007451564827,0.5409836065573771,0.2975409836065574,0.5409836065573771,0.3839238498149128
heart_disease,Bernoulli RBM + Regressão Logística,21,21,"{""learning_rate"": 0.01, ""n_components"": 64, ""n_iter"": 10}",0.05217429999902379,0.5580110497237569,0.38503683241252307,0.5580110497237569,0.4256964179233131,0.5737704918032787,0.3705780845556514,0.5737704918032787,0.43845007451564827,0.5409836065573771,0.2975409836065574,0.5409836065573771,0.3839238498149128
heart_disease,Bernoulli RBM + Regressão Logística,21,21,"{""learning_rate"": 0.01, ""n_components"": 64, ""n_iter"": 20}",0.07833069999833242,0.5524861878453039,0.36830797066330656,0.5524861878453039,0.41306742796114115,0.5573770491803278,0.35145240149554213,0.5573770491803278,0.4196721311475409,0.5409836065573771,0.2926632625638269,0.5409836065573771,0.37983955354028603
heart_disease,Bernoulli RBM + Regressão Logística,21,21,"{""learning_rate"": 0.01, ""n_components"": 128, ""n_iter"": 20}",0.1192916999971203,0.5469613259668509,0.3588677137004159,0.5469613259668509,0.3946272719993595,0.5573770491803278,0.4173381494859683,0.5573770491803278,0.41678545972915176,0.5409836065573771,0.2926632625638269,0.5409836065573771,0.37983955354028603
heart_disease,Bernoulli RBM + Regressão Logística,21,21,"{""learning_rate"": 0.05, ""n_components"": 64, ""n_iter"": 20}",0.06363269999928889,0.5414364640883977,0.29315344464454685,0.5414364640883977,0.38036396760331886,0.5409836065573771,0.2926632625638269,0.5409836065573771,0.37983955354028603,0.5409836065573771,0.2926632625638269,0.5409836065573771,0.37983955354028603
mushroom,Bernoulli RBM + Regressão Logística,1,1,"{""learning_rate"": 0.01, ""n_components"": 32, ""n_iter"": 10}",0.4120208000022103,0.8924907673368896,0.9001915019016734,0.8924907673368896,0.8916591286550226,0.8891625615763546,0.9012293924163548,0.8891625615763546,0.8879082235053724,0.8954489544895449,0.9035014719516564,0.8954489544895449,0.8946179559388306
mushroom,Bernoulli RBM + Regressão Logística,1,1,"{""learning_rate"": 0.01, ""n_components"": 64, ""n_iter"": 10}",0.5922949000014341,0.9113664341403365,0.9178784921767943,0.9113664341403365,0.9107950111933222,0.9014778325123153,0.9133031055164095,0.9014778325123153,0.9004157526711004,0.9138991389913899,0.9209966968557882,0.9138991389913899,0.9133091437934926
mushroom,Bernoulli RBM + Regressão Logística,1,1,"{""learning_rate"": 0.01, ""n_components"": 64, ""n_iter"": 20}",1.0809542999995756,0.9560935576528519,0.9560996156214756,0.9560935576528519,0.9560886858499656,0.9679802955665024,0.9684986040515172,0.9679802955665024,0.9679502926795113,0.956949569495695,0.9575180981045932,0.956949569495695,0.9569064558972366
mushroom,Bernoulli RBM + Regressão Logística,1,1,"{""learning_rate"": 0.01, ""n_components"": 128, ""n_iter"": 20}",1.7257490000010876,0.95814526056627,0.958174844171598,0.95814526056627,0.9581497192563231,0.9679802955665024,0.968355816511761,0.9679802955665024,0.9679557541707262,0.9618696186961869,0.9620665670497861,0.9618696186961869,0.9618498459955223
mushroom,Bernoulli RBM + Regressão Logística,1,1,"{""learning_rate"": 0.05, ""n_components"": 64, ""n_iter"": 20}",1.0192252999986522,0.9938448912597456,0.9938484296850945,0.9938448912597456,0.9938451527415649,0.9901477832512315,0.9901477832512315,0.9901477832512315,0.9901477832512315,0.990159901599016,0.9901700566378278,0.990159901599016,0.9901589772373404
mushroom,Bernoulli RBM + Regressão Logística,2,2,"{""learning_rate"": 0.01, ""n_components"": 32, ""n_iter"": 10}",0.40314500000022235,0.8941321296676241,0.9024545570448211,0.8941321296676241,0.8932650050377579,0.8903940886699507,0.9028733468474248,0.8903940886699507,0.8891237288970224,0.897908979089791,0.9066234229553437,0.897908979089791,0.8970504918514673
mushroom,Bernoulli RBM + Regressão Logística,2,2,"{""learning_rate"": 0.01, ""n_components"": 64, ""n_iter"": 10}",0.5835379999989527,0.9039803036520312,0.9119835362075754,0.9039803036520312,0.903237542386547,0.8940886699507389,0.9070923214837062,0.8940886699507389,0.8928318335519109,0.9028290282902829,0.911685499249597,0.9028290282902829,0.9020119139309147
mushroom,Bernoulli RBM + Regressão Logística,2,2,"{""learning_rate"": 0.01, ""n_components"": 64, ""n_iter"": 20}",1.065239899999142,0.9540418547394337,0.9540447896745594,0.9540418547394337,0.9540375304120693,0.9667487684729064,0.9673437381306559,0.9667487684729064,0.9667146228278227,0.9532595325953259,0.9538997210898151,0.9532595325953259,0.9532084612804169
mushroom,Bernoulli RBM + Regressão Logística,2,2,"{""learning_rate"": 0.01, ""n_components"": 128, ""n_iter"": 20}",1.7420064999969327,0.95814526056627,0.9581884126791496,0.95814526056627,0.9581506925453841,0.9692118226600985,0.9695267262985049,0.9692118226600985,0.9691907093118026,0.956949569495695,0.957243777927718,0.956949569495695,0.9569208417432196
mushroom,Bernoulli RBM + Regressão Logística,2,2,"{""learning_rate"": 0.05, ""n_components"": 64, ""n_iter"": 20}",1.0206974000029732,0.993434550677062,0.9934354966341662,0.993434550677062,0.9934343536376891,0.9864532019704434,0.9865209810467833,0.9864532019704434,0.9864495997500924,0.9876998769987699,0.9877999066360202,0.9876998769987699,0.9876959618046488
mushroom,Bernoulli RBM + Regressão Logística,3,3,"{""learning_rate"": 0.01, ""n_components"": 32, ""n_iter"": 10}",0.40664119999928516,0.8970045137464095,0.9057076255561343,0.8970045137464095,0.8961369809956371,0.8903940886699507,0.9028733468474248,0.8903940886699507,0.8891237288970224,0.9040590405904059,0.9120507915291296,0.9040590405904059,0.9033181191316046
mushroom,Bernoulli RBM + Regressão Logística,3,3,"{""learning_rate"": 0.01, ""n_components"": 64, ""n_iter"": 10}",0.5882858999975724,0.9060320065654494,0.9130506490486264,0.9060320065654494,0.9053803914999299,0.8928571428571429,0.9047110917537747,0.8928571428571429,0.8916735493676168,0.9077490774907749,0.9144358599405418,0.9077490774907749,0.9071362756975245
mushroom,Bernoulli RBM + Regressão Logística,3,3,"{""learning_rate"": 0.01, ""n_components"": 64, ""n_iter"": 20}",1.0703174000009312,0.9478867459991793,0.9478885767007705,0.9478867459991793,0.9478875015727589,0.9593596059113301,0.9603019709248852,0.9593596059113301,0.9593020115585528,0.9520295202952029,0.9523153439102195,0.9520295202952029,0.9519975093710162
mushroom,Bernoulli RBM + Regressão Logística,3,3,"{""learning_rate"": 0.01, ""n_components"": 128, ""n_iter"": 20}",1.7386920999997528,0.9536315141567501,0.9536834636485488,0.9536315141567501,0.9536380475788324,0.9692118226600985,0.9695267262985049,0.9692118226600985,0.9691907093118026,0.955719557195572,0.9560715616880248,0.955719557195572,0.9556865124899807
mushroom,Bernoulli RBM + Regressão Logística,3,3,"{""learning_rate"": 0.05, ""n_components"": 64, ""n_iter"": 20}",1.0200008000028902,0.9954862535904802,0.9954896575506856,0.9954862535904802,0.9954864453438143,0.9938423645320197,0.9938459250695351,0.9938423645320197,0.9938426357098711,0.996309963099631,0.9963132941034972,0.996309963099631,0.9963101196027827
mushroom,Bernoulli RBM + Regressão Logística,4,4,"{""learning_rate"": 0.01, ""n_components"": 32, ""n_iter"": 10}",0.41878409999844735,0.8933114485022569,0.9020079865244738,0.8933114485022569,0.892404468272705,0.8891625615763546,0.9019594556307273,0.8891625615763546,0.8878472676706045,0.9003690036900369,0.9085550033428262,0.9003690036900369,0.8995771109534738
mushroom,Bernoulli RBM + Regressão Logística,4,4,"{""learning_rate"": 0.01, ""n_components"": 64, ""n_iter"": 10}",0.5879500000010012,0.9027492819039803,0.9102430916425972,0.9027492819039803,0.9020329282709846,0.8928571428571429,0.905437123287173,0.8928571428571429,0.891615330494842,0.9028290282902829,0.9105007931363271,0.9028290282902829,0.9021002158954609
mushroom,Bernoulli RBM + Regressão Logística,4,4,"{""learning_rate"": 0.01, ""n_components"": 64, ""n_iter"": 20}",1.0675622999988263,0.9573245794009028,0.9573233090840192,0.9573245794009028,0.957323298644978,0.9667487684729064,0.9673437381306559,0.9667487684729064,0.9667146228278227,0.9532595325953259,0.9536067826947869,0.9532595325953259,0.9532246520727574
mushroom,Bernoulli RBM + Regressão Logística,4,4,"{""learning_rate"": 0.01, ""n_components"": 128, ""n_iter"": 20}",1.7156265999983589,0.9569142388182191,0.9570024634399367,0.9569142388182191,0.956922080798014,0.9692118226600985,0.9695267262985049,0.9692118226600985,0.9691907093118026,0.9520295202952029,0.952438981000099,0.9520295202952029,0.9519897877659914
mushroom,Bernoulli RBM + Regressão Logística,4,4,"{""learning_rate"": 0.05, ""n_components"": 64, ""n_iter"": 20}",1.0187127999997756,0.9942552318424293,0.9942552318424293,0.9942552318424293,0.9942552318424293,0.9901477832512315,0.9901477832512315,0.9901477832512315,0.9901477832512315,0.991389913899139,0.9914189675480426,0.991389913899139,0.9913909310032366
mushroom,Bernoulli RBM + Regressão Logística,5,5,"{""learning_rate"": 0.01, ""n_components"": 32, ""n_iter"": 10}",0.40309999999954016,0.8929011079195732,0.9003327673168314,0.8929011079195732,0.8920964990888124,0.8891625615763546,0.9012293924163548,0.8891625615763546,0.8879082235053724,0.8966789667896679,0.9039172152727817,0.8966789667896679,0.8959266721329197
mushroom,Bernoulli RBM + Regressão Logística,5,5,"{""learning_rate"": 0.01, ""n_components"": 64, ""n_iter"": 10}",0.5867575000011129,0.9011079195732458,0.9101353636966918,0.9011079195732458,0.9002594520175615,0.8928571428571429,0.9061871098990841,0.8928571428571429,0.8915557002031407,0.8991389913899139,0.9081961231808817,0.8991389913899139,0.8982671233448785
mushroom,Bernoulli RBM + Regressão Logística,5,5,"{""learning_rate"": 0.01, ""n_components"": 64, ""n_iter"": 20}",1.0719405999989249,0.9499384489125975,0.949969603642152,0.9499384489125975,0.9499437818556022,0.9593596059113301,0.9601067527968804,0.9593596059113301,0.9593101919022196,0.9520295202952029,0.9522138316895951,0.9520295202952029,0.9520046449621088
mushroom,Bernoulli RBM + Regressão Logística,5,5,"{""learning_rate"": 0.01, ""n_components"": 128, ""n_iter"": 20}",1.721503799999482,0.9565038982355355,0.9565474209664848,0.9565038982355355,0.9565095432334384,0.9704433497536946,0.9707028380793148,0.9704433497536946,0.9704253751920132,0.956949569495695,0.957243777927718,0.956949569495695,0.9569208417432196
mushroom,Bernoulli RBM + Regressão Logística,5,5,"{""learning_rate"": 0.05, ""n_components"": 64, ""n_iter"": 20}",1.0173460000005434,0.9942552318424293,0.9942569019586495,0.9942552318424293,0.9942553964838207,0.9963054187192119,0.99630809757873,0.9963054187192119,0.9963052447596478,0.993849938499385,0.9938534707048269,0.993849938499385,0.9938501993379711
mushroom,Bernoulli RBM + Regressão Logística,6,6,"{""learning_rate"": 0.01, ""n_components"": 32, ""n_iter"": 10}",0.4028890000008687,0.8957734919983587,0.9045419505702157,0.8957734919983587,0.8948874420817963,0.8879310344827587,0.9003095704076767,0.8879310344827587,0.8866321272992027,0.897908979089791,0.9066234229553437,0.897908979089791,0.8970504918514673
mushroom,Bernoulli RBM + Regressão Logística,6,6,"{""learning_rate"": 0.01, ""n_components"": 64, ""n_iter"": 10}",0.5959598000008555,0.9076733688961839,0.9145487868565604,0.9076733688961839,0.9070461567006688,0.8940886699507389,0.9063517094222836,0.8940886699507389,0.8928900802384669,0.9040590405904059,0.9120507915291296,0.9040590405904059,0.9033181191316046
mushroom,Bernoulli RBM + Regressão Logística,6,6,"{""learning_rate"": 0.01, ""n_components"": 64, ""n_iter"": 20}",1.073674300001585,0.9536315141567501,0.953656016585703,0.9536315141567501,0.953635891072058,0.9655172413793104,0.9658878994634073,0.9655172413793104,0.965490812183859,0.949569495694957,0.9499736096907434,0.949569495694957,0.949527725600145
mushroom,Bernoulli RBM + Regressão Logística,6,6,"{""learning_rate"": 0.01, ""n_components"": 128, ""n_iter"": 20}",1.722147100001166,0.9560935576528519,0.9562042553781674,0.9560935576528519,0.9561023625161578,0.9716748768472906,0.9718841899691645,0.9716748768472906,0.971659763179592,0.9606396063960639,0.960790849167233,0.9606396063960639,0.9606219431509052
mushroom,Bernoulli RBM + Regressão Logística,6,6,"{""learning_rate"": 0.05, ""n_components"": 64, ""n_iter"": 20}",1.012927600000694,0.9958965941731637,0.9958981724274582,0.9958965941731637,0.9958967117741576,0.9963054187192119,0.996308769813344,0.9963054187192119,0.9963055814259224,0.995079950799508,0.9950910900271032,0.995079950799508,0.9950794886186701
mushroom,Bernoulli RBM + Regressão Logística,7,7,"{""learning_rate"": 0.01, ""n_components"": 32, ""n_iter"": 10}",0.40655580000020564,0.8945424702503078,0.9018315495153633,0.8945424702503078,0.8937656648339369,0.8891625615763546,0.9012293924163548,0.8891625615763546,0.8879082235053724,0.8991389913899139,0.9064378379632854,0.8991389913899139,0.8984046085107072
mushroom,Bernoulli RBM + Regressão Logística,7,7,"{""learning_rate"": 0.01, ""n_components"": 64, ""n_iter"": 10}",0.5874836000002688,0.9080837094788674,0.9148785558276803,0.9080837094788674,0.9074657175562626,0.8990147783251231,0.9114740264282126,0.8990147783251231,0.8978719369715615,0.9040590405904059,0.9120507915291296,0.9040590405904059,0.9033181191316046
mushroom,Bernoulli RBM + Regressão Logística,7,7,"{""learning_rate"": 0.01, ""n_components"": 64, ""n_iter"": 20}",1.0778995000000577,0.9556832170701682,0.9557269251101524,0.9556832170701682,0.9556889685774657,0.9667487684729064,0.9671900709362969,0.9667487684729064,0.9667204983895998,0.9520295202952029,0.9523153439102195,0.9520295202952029,0.9519975093710162
mushroom,Bernoulli RBM + Regressão Logística,7,7,"{""learning_rate"": 0.01, ""n_components"": 128, ""n_iter"": 20}",1.7042108999994525,0.9544521953221173,0.9544890275958445,0.9544521953221173,0.9544575846999469,0.9679802955665024,0.968355816511761,0.9679802955665024,0.9679557541707262,0.9520295202952029,0.9523153439102195,0.9520295202952029,0.9519975093710162
mushroom,Bernoulli RBM + Regressão Logística,7,7,"{""learning_rate"": 0.05, ""n_components"": 64, ""n_iter"": 20}",1.0237736000017321,0.9954862535904802,0.9954864553344448,0.9954862535904802,0.9954861866212309,0.9926108374384236,0.9926560626923852,0.9926108374384236,0.9926093106313284,0.993849938499385,0.9938523910396375,0.993849938499385,0.9938496589803575
mushroom,Bernoulli RBM + Regressão Logística,8,8,"{""learning_rate"": 0.01, ""n_components"": 32, ""n_iter"": 10}",0.41172040000310517,0.8904390644234714,0.8995578498092434,0.8904390644234714,0.8894642497500872,0.8854679802955665,0.898479725312634,0.8854679802955665,0.8840767829757712,0.8966789667896679,0.9056628951382681,0.8966789667896679,0.8957858336703632
mushroom,Bernoulli RBM + Regressão Logística,8,8,"{""learning_rate"": 0.01, ""n_components"": 64, ""n_iter"": 10}",0.5905892999981006,0.9035699630693476,0.9126700595865924,0.9035699630693476,0.9027426191872487,0.8977832512315271,0.911325366290051,0.8977832512315271,0.8965416450213871,0.9040590405904059,0.9132625792661088,0.9040590405904059,0.9032297026939088
mushroom,Bernoulli RBM + Regressão Logística,8,8,"{""learning_rate"": 0.01, ""n_components"": 64, ""n_iter"": 20}",1.0751421000022674,0.9569142388182191,0.9569132200106776,0.9569142388182191,0.956912277359364,0.9655172413793104,0.9660294521174426,0.9655172413793104,0.9654849305779353,0.956949569495695,0.957243777927718,0.956949569495695,0.9569208417432196
mushroom,Bernoulli RBM + Regressão Logística,8,8,"{""learning_rate"": 0.01, ""n_components"": 128, ""n_iter"": 20}",1.711040199999843,0.9556832170701682,0.9557269251101524,0.9556832170701682,0.9556889685774657,0.9692118226600985,0.9695267262985049,0.9692118226600985,0.9691907093118026,0.955719557195572,0.9560715616880248,0.955719557195572,0.9556865124899807
mushroom,Bernoulli RBM + Regressão Logística,8,8,"{""learning_rate"": 0.05, ""n_components"": 64, ""n_iter"": 20}",1.0220192000015231,0.9967172753385309,0.9967287609505262,0.9967172753385309,0.9967169664580049,0.9950738916256158,0.9951202549985511,0.9950738916256158,0.9950728737542189,0.992619926199262,0.9926651285918561,0.992619926199262,0.9926184499160866
mushroom,Bernoulli RBM + Regressão Logística,9,9,"{""learning_rate"": 0.01, ""n_components"": 32, ""n_iter"": 10}",0.4028973999993468,0.8965941731637259,0.9053866052521298,0.8965941731637259,0.8957151000181601,0.8903940886699507,0.9036179817036007,0.8903940886699507,0.8890627277940175,0.897908979089791,0.9066234229553437,0.897908979089791,0.8970504918514673
mushroom,Bernoulli RBM + Regressão Logística,9,9,"{""learning_rate"": 0.01, ""n_components"": 64, ""n_iter"": 10}",0.5866867999975511,0.9080837094788674,0.9148785558276803,0.9080837094788674,0.9074657175562626,0.896551724137931,0.9089128679252483,0.896551724137931,0.8953810086050144,0.906519065190652,0.9151741025212773,0.906519065190652,0.9057546677927855
mushroom,Bernoulli RBM + Regressão Logística,9,9,"{""learning_rate"": 0.01, ""n_components"": 64, ""n_iter"": 20}",1.0848646000013105,0.954862535904801,0.9548611144783272,0.954862535904801,0.9548611812591113,0.9605911330049262,0.961437506575159,0.9605911330049262,0.960539310800671,0.956949569495695,0.957243777927718,0.956949569495695,0.9569208417432196
mushroom,Bernoulli RBM + Regressão Logística,9,9,"{""learning_rate"": 0.01, ""n_components"": 128, ""n_iter"": 20}",1.706430599999294,0.9560935576528519,0.9562042553781674,0.9560935576528519,0.9561023625161578,0.9716748768472906,0.9718841899691645,0.9716748768472906,0.971659763179592,0.956949569495695,0.957243777927718,0.956949569495695,0.9569208417432196
mushroom,Bernoulli RBM + Regressão Logística,9,9,"{""learning_rate"": 0.05, ""n_components"": 64, ""n_iter"": 20}",1.0132561000027636,0.9922035289290111,0.9922036321532893,0.9922035289290111,0.9922034132548535,0.9876847290640394,0.9876847290640394,0.9876847290640394,0.9876847290640394,0.986469864698647,0.986537683915981,0.986469864698647,0.9864663786760903
mushroom,Bernoulli RBM + Regressão Logística,10,10,"{""learning_rate"": 0.01, ""n_components"": 32, ""n_iter"": 10}",0.4074242000024242,0.8916700861715223,0.9005200050082874,0.8916700861715223,0.8907320978274721,0.8891625615763546,0.9019594556307273,0.8891625615763546,0.8878472676706045,0.8966789667896679,0.9056628951382681,0.8966789667896679,0.8957858336703632
mushroom,Bernoulli RBM + Regressão Logística,10,10,"{""learning_rate"": 0.01, ""n_components"": 64, ""n_iter"": 10}",0.5854531000004499,0.9097250718096019,0.9160279431907455,0.9097250718096019,0.9091553510999304,0.8977832512315271,0.90911581381321,0.8977832512315271,0.8967082760399887,0.9052890528905289,0.9130234283046009,0.9052890528905289,0.9045786914424112
mushroom,Bernoulli RBM + Regressão Logística,10,10,"{""learning_rate"": 0.01, ""n_components"": 64, ""n_iter"": 20}",1.0802944000024581,0.9565038982355355,0.9566524258282488,0.9565038982355355,0.9565137196143867,0.9704433497536946,0.9706050079688325,0.9704433497536946,0.9704296923260081,0.955719557195572,0.9559573536965432,0.955719557195572,0.9556933695769975
mushroom,Bernoulli RBM + Regressão Logística,10,10,"{""learning_rate"": 0.01, ""n_components"": 128, ""n_iter"": 20}",1.7144719999996596,0.9577349199835864,0.9577710651994906,0.9577349199835864,0.9577399209377885,0.9704433497536946,0.9707028380793148,0.9704433497536946,0.9704253751920132,0.956949569495695,0.9575180981045932,0.956949569495695,0.9569064558972366
mushroom,Bernoulli RBM + Regressão Logística,10,10,"{""learning_rate"": 0.05, ""n_components"": 64, ""n_iter"": 20}",1.0118765999977768,0.9971276159212146,0.9971303809001171,0.9971276159212146,0.9971274851572909,0.9963054187192119,0.9963315596245005,0.9963054187192119,0.9963048630628982,0.996309963099631,0.9963360718512846,0.996309963099631,0.9963094263222594
mushroom,Bernoulli RBM + Regressão Logística,11,11,"{""learning_rate"": 0.01, ""n_components"": 32, ""n_iter"": 10}",0.41310109999903943,0.8945424702503078,0.9039966343090229,0.8945424702503078,0.8935871845407125,0.8903940886699507,0.9043866942779748,0.8903940886699507,0.8890002777847792,0.9003690036900369,0.9091544611024703,0.9003690036900369,0.899531202891191
mushroom,Bernoulli RBM + Regressão Logística,11,11,"{""learning_rate"": 0.01, ""n_components"": 64, ""n_iter"": 10}",0.5892281000014918,0.9125974558883874,0.9195852313443007,0.9125974558883874,0.9120036950099666,0.9002463054187192,0.9123868284172374,0.9002463054187192,0.8991443390664018,0.9077490774907749,0.9155460634728748,0.9077490774907749,0.9070571669893617
mushroom,Bernoulli RBM + Regressão Logística,11,11,"{""learning_rate"": 0.01, ""n_components"": 64, ""n_iter"": 20}",1.070905300002778,0.9528108329913828,0.9528125225717814,0.9528108329913828,0.9528115171721833,0.9667487684729064,0.9671900709362969,0.9667487684729064,0.9667204983895998,0.9520295202952029,0.952438981000099,0.9520295202952029,0.9519897877659914
mushroom,Bernoulli RBM + Regressão Logística,11,11,"{""learning_rate"": 0.01, ""n_components"": 128, ""n_iter"": 20}",1.7262437000026694,0.9540418547394337,0.9541020887269037,0.9540418547394337,0.9540488259062385,0.9667487684729064,0.9671900709362969,0.9667487684729064,0.9667204983895998,0.9544895448954489,0.9549043523094545,0.9544895448954489,0.9544518499318381
mushroom,Bernoulli RBM + Regressão Logística,11,11,"{""learning_rate"": 0.05, ""n_components"": 64, ""n_iter"": 20}",1.0321528999993461,0.9963069347558473,0.9963071611297338,0.9963069347558473,0.9963068799628255,0.9963054187192119,0.9963315596245005,0.9963054187192119,0.9963048630628982,0.995079950799508,0.995079950799508,0.995079950799508,0.995079950799508
mushroom,Bernoulli RBM + Regressão Logística,12,12,"{""learning_rate"": 0.01, ""n_components"": 32, ""n_iter"": 10}",0.4102683999990404,0.892080426754206,0.9006411531527636,0.892080426754206,0.8911714183340741,0.8854679802955665,0.898479725312634,0.8854679802955665,0.8840767829757712,0.8954489544895449,0.9035014719516564,0.8954489544895449,0.8946179559388306
mushroom,Bernoulli RBM + Regressão Logística,12,12,"{""learning_rate"": 0.01, ""n_components"": 64, ""n_iter"": 10}",0.5905668000013975,0.9080837094788674,0.9141815189217063,0.9080837094788674,0.9075160077970064,0.896551724137931,0.906818446723566,0.896551724137931,0.8955435407096491,0.9077490774907749,0.9144358599405418,0.9077490774907749,0.9071362756975245
mushroom,Bernoulli RBM + Regressão Logística,12,12,"{""learning_rate"": 0.01, ""n_components"": 64, ""n_iter"": 20}",1.0824237000015273,0.9532211735740664,0.9532315506246073,0.9532211735740664,0.9532237916389568,0.958128078817734,0.9591713439721088,0.958128078817734,0.9580643316857175,0.95079950799508,0.9511420037015491,0.95079950799508,0.9507627916555342
mushroom,Bernoulli RBM + Regressão Logística,12,12,"{""learning_rate"": 0.01, ""n_components"": 128, ""n_iter"": 20}",1.719822800001566,0.9565038982355355,0.9566265083639575,0.9565038982355355,0.9565130017516899,0.9729064039408867,0.9730708204193393,0.9729064039408867,0.9728938846321742,0.958179581795818,0.9584210390032133,0.958179581795818,0.9581548490449421
mushroom,Bernoulli RBM + Regressão Logística,12,12,"{""learning_rate"": 0.05, ""n_components"": 64, ""n_iter"": 20}",1.0113072999993165,0.9971276159212146,0.9971280354108778,0.9971276159212146,0.9971276575670024,0.9963054187192119,0.99630809757873,0.9963054187192119,0.9963052447596478,0.995079950799508,0.9951296482661797,0.995079950799508,0.9950806958731667
mushroom,Bernoulli RBM + Regressão Logística,13,13,"{""learning_rate"": 0.01, ""n_components"": 32, ""n_iter"": 10}",0.4129848000011407,0.8941321296676241,0.9024545570448211,0.8941321296676241,0.8932650050377579,0.8879310344827587,0.9003095704076767,0.8879310344827587,0.8866321272992027,0.897908979089791,0.9054555227997794,0.897908979089791,0.89714326480156
mushroom,Bernoulli RBM + Regressão Logística,13,13,"{""learning_rate"": 0.01, ""n_components"": 64, ""n_iter"": 10}",0.5943987999999081,0.9080837094788674,0.9152420564653582,0.9080837094788674,0.9074397913732868,0.896551724137931,0.9081910307765584,0.896551724137931,0.8954365403046556,0.9052890528905289,0.912461006389482,0.9052890528905289,0.9046199048912603
mushroom,Bernoulli RBM + Regressão Logística,13,13,"{""learning_rate"": 0.01, ""n_components"": 64, ""n_iter"": 20}",1.0775362999993376,0.9470660648338121,0.9470968569262967,0.9470660648338121,0.9470544584119002,0.9568965517241379,0.9580455904492415,0.9568965517241379,0.9568262597025962,0.949569495694957,0.9504737181176344,0.949569495694957,0.9494996686661544
mushroom,Bernoulli RBM + Regressão Logística,13,13,"{""learning_rate"": 0.01, ""n_components"": 128, ""n_iter"": 20}",1.7372286999998323,0.9524004924086992,0.9524109568845353,0.9524004924086992,0.9524031564045524,0.9618226600985221,0.9625779864915434,0.9618226600985221,0.9617762408778426,0.956949569495695,0.957243777927718,0.956949569495695,0.9569208417432196
mushroom,Bernoulli RBM + Regressão Logística,13,13,"{""learning_rate"": 0.05, ""n_components"": 64, ""n_iter"": 20}",1.0248336000004201,0.9958965941731637,0.9958976912398579,0.9958965941731637,0.9958964710235556,0.9963054187192119,0.996308769813344,0.9963054187192119,0.9963055814259224,0.991389913899139,0.9913936473061568,0.991389913899139,0.9913902790731596
mushroom,Bernoulli RBM + Regressão Logística,14,14,"{""learning_rate"": 0.01, ""n_components"": 32, ""n_iter"": 10}",0.4081036999996286,0.8929011079195732,0.9018896906537298,0.8929011079195732,0.8919652905312925,0.8854679802955665,0.898479725312634,0.8854679802955665,0.8840767829757712,0.8991389913899139,0.9075874502451661,0.8991389913899139,0.898314246829058
mushroom,Bernoulli RBM + Regressão Logística,14,14,"{""learning_rate"": 0.01, ""n_components"": 64, ""n_iter"": 10}",0.5929690999982995,0.9113664341403365,0.9175316808195535,0.9113664341403365,0.9108190075185417,0.9039408866995073,0.9151461793896631,0.9039408866995073,0.9029556650246306,0.9114391143911439,0.9179417661606039,0.9114391143911439,0.9108691053903608
mushroom,Bernoulli RBM + Regressão Logística,14,14,"{""learning_rate"": 0.01, ""n_components"": 64, ""n_iter"": 20}",1.0902395000011893,0.9544521953221173,0.9544589609109092,0.9544521953221173,0.9544541302875794,0.9667487684729064,0.9669516038192484,0.9667487684729064,0.96673102634126,0.9520295202952029,0.9523153439102195,0.9520295202952029,0.9519975093710162
mushroom,Bernoulli RBM + Regressão Logística,14,14,"{""learning_rate"": 0.01, ""n_components"": 128, ""n_iter"": 20}",1.7575762000014947,0.9569142388182191,0.9569381758362936,0.9569142388182191,0.9569183058634169,0.9704433497536946,0.9707028380793148,0.9704433497536946,0.9704253751920132,0.959409594095941,0.9596033832097384,0.959409594095941,0.9593885457371688
mushroom,Bernoulli RBM + Regressão Logística,14,14,"{""learning_rate"": 0.05, ""n_components"": 64, ""n_iter"": 20}",1.020891300002404,0.9946655724251129,0.9946660624753726,0.9946655724251129,0.9946656497672902,0.9901477832512315,0.9901477832512315,0.9901477832512315,0.9901477832512315,0.998769987699877,0.9987731175021674,0.998769987699877,0.9987700398675943
mushroom,Bernoulli RBM + Regressão Logística,15,15,"{""learning_rate"": 0.01, ""n_components"": 32, ""n_iter"": 10}",0.40419350000229315,0.8912597455888387,0.9010332966498481,0.8912597455888387,0.8902392348425018,0.8854679802955665,0.898479725312634,0.8854679802955665,0.8840767829757712,0.8966789667896679,0.9056628951382681,0.8966789667896679,0.8957858336703632
mushroom,Bernoulli RBM + Regressão Logística,15,15,"{""learning_rate"": 0.01, ""n_components"": 64, ""n_iter"": 10}",0.5972821999966982,0.9060320065654494,0.9128699720273136,0.9060320065654494,0.9053936439309029,0.895320197044335,0.9065622800844475,0.895320197044335,0.8942193188361329,0.9040590405904059,0.9114790833442926,0.9040590405904059,0.9033604812662827
mushroom,Bernoulli RBM + Regressão Logística,15,15,"{""learning_rate"": 0.01, ""n_components"": 64, ""n_iter"": 20}",1.0706950999992841,0.9532211735740664,0.9532251402384361,0.9532211735740664,0.9532225142253982,0.9605911330049262,0.9612529374410539,0.9605911330049262,0.9605470007918914,0.949569495694957,0.9502848349031435,0.949569495694957,0.9495096391649471
mushroom,Bernoulli RBM + Regressão Logística,15,15,"{""learning_rate"": 0.01, ""n_components"": 128, ""n_iter"": 20}",1.7061614000012923,0.9577349199835864,0.9578969361658565,0.9577349199835864,0.9577447907874455,0.9704433497536946,0.9707028380793148,0.9704433497536946,0.9704253751920132,0.956949569495695,0.957243777927718,0.956949569495695,0.9569208417432196
mushroom,Bernoulli RBM + Regressão Logística,15,15,"{""learning_rate"": 0.05, ""n_components"": 64, ""n_iter"": 20}",1.0226019999972777,0.993434550677062,0.993434550677062,0.993434550677062,0.993434550677062,0.9950738916256158,0.9950850283361925,0.9950738916256158,0.9950734127233555,0.993849938499385,0.9938523910396375,0.993849938499385,0.9938496589803575
mushroom,Bernoulli RBM + Regressão Logística,16,16,"{""learning_rate"": 0.01, ""n_components"": 32, ""n_iter"": 10}",0.4097747999985586,0.8924907673368896,0.9017762988585444,0.8924907673368896,0.891525571282982,0.8854679802955665,0.898479725312634,0.8854679802955665,0.8840767829757712,0.8942189421894219,0.9031296670956547,0.8942189421894219,0.893304543995848
mushroom,Bernoulli RBM + Regressão Logística,16,16,"{""learning_rate"": 0.01, ""n_components"": 64, ""n_iter"": 10}",0.5875383999991755,0.9089043906442347,0.914850600786188,0.9089043906442347,0.9083538961666735,0.8977832512315271,0.9084271061082348,0.8977832512315271,0.8967611387891347,0.9138991389913899,0.9199353486439099,0.9138991389913899,0.9133796890809173
mushroom,Bernoulli RBM + Regressão Logística,16,16,"{""learning_rate"": 0.01, ""n_components"": 64, ""n_iter"": 20}",1.0781330999998318,0.9540418547394337,0.9540590034912123,0.9540418547394337,0.954034336576045,0.9642857142857143,0.9650492201862064,0.9642857142857143,0.9642422898534657,0.949569495694957,0.9501181566703361,0.949569495694957,0.9495189911939057
mushroom,Bernoulli RBM + Regressão Logística,16,16,"{""learning_rate"": 0.01, ""n_components"": 128, ""n_iter"": 20}",1.724011900001642,0.95814526056627,0.958222953256331,0.95814526056627,0.9581524695549686,0.9716748768472906,0.9718841899691645,0.9716748768472906,0.971659763179592,0.9606396063960639,0.9608847243098833,0.9606396063960639,0.9606163285128866
mushroom,Bernoulli RBM + Regressão Logística,16,16,"{""learning_rate"": 0.05, ""n_components"": 64, ""n_iter"": 20}",1.0148121999991417,0.9963069347558473,0.9963096225146182,0.9963069347558473,0.9963067666308026,0.9950738916256158,0.9950738916256158,0.9950738916256158,0.9950738916256158,0.992619926199262,0.9927311835932431,0.992619926199262,0.99262146827755
mushroom,Bernoulli RBM + Regressão Logística,17,17,"{""learning_rate"": 0.01, ""n_components"": 32, ""n_iter"": 10}",0.41379280000182916,0.8929011079195732,0.9012872460022328,0.8929011079195732,0.892015642662274,0.8891625615763546,0.9012293924163548,0.8891625615763546,0.8879082235053724,0.897908979089791,0.9066234229553437,0.897908979089791,0.8970504918514673
mushroom,Bernoulli RBM + Regressão Logística,17,17,"{""learning_rate"": 0.01, ""n_components"": 64, ""n_iter"": 10}",0.5884911000030115,0.9089043906442347,0.9150190593961681,0.9089043906442347,0.9083417577273902,0.8977832512315271,0.90911581381321,0.8977832512315271,0.8967082760399887,0.9077490774907749,0.9144358599405418,0.9077490774907749,0.9071362756975245
mushroom,Bernoulli RBM + Regressão Logística,17,17,"{""learning_rate"": 0.01, ""n_components"": 64, ""n_iter"": 20}",1.0832666999995126,0.9589659417316373,0.9590643624617776,0.9589659417316373,0.9589737973527692,0.9716748768472906,0.9717974061200375,0.9716748768472906,0.9716637271730681,0.9544895448954489,0.9547795609189687,0.9544895448954489,0.9544591755571179
mushroom,Bernoulli RBM + Regressão Logística,17,17,"{""learning_rate"": 0.01, ""n_components"": 128, ""n_iter"": 20}",1.709097799997835,0.9593762823143209,0.9594637976548764,0.9593762823143209,0.9593836761809845,0.9729064039408867,0.9730708204193393,0.9729064039408867,0.9728938846321742,0.9606396063960639,0.9608847243098833,0.9606396063960639,0.9606163285128866
mushroom,Bernoulli RBM + Regressão Logística,17,17,"{""learning_rate"": 0.05, ""n_components"": 64, ""n_iter"": 20}",1.0054111999997986,0.9975379565038982,0.9975430373017847,0.9975379565038982,0.9975378053943081,0.9950738916256158,0.9950850283361925,0.9950738916256158,0.9950734127233555,0.998769987699877,0.9987729024209674,0.998769987699877,0.9987699317960714
mushroom,Bernoulli RBM + Regressão Logística,18,18,"{""learning_rate"": 0.01, ""n_components"": 32, ""n_iter"": 10}",0.40512070000113454,0.8941321296676241,0.9030554367493363,0.8941321296676241,0.8932154592404841,0.8891625615763546,0.9019594556307273,0.8891625615763546,0.8878472676706045,0.9003690036900369,0.9085550033428262,0.9003690036900369,0.8995771109534738
mushroom,Bernoulli RBM + Regressão Logística,18,18,"{""learning_rate"": 0.01, ""n_components"": 64, ""n_iter"": 10}",0.5917071000003489,0.9097250718096019,0.9163781089882705,0.9097250718096019,0.9091306551132955,0.9014778325123153,0.9133031055164095,0.9014778325123153,0.9004157526711004,0.9077490774907749,0.9149796515669568,0.9077490774907749,0.9070973099590197
mushroom,Bernoulli RBM + Regressão Logística,18,18,"{""learning_rate"": 0.01, ""n_components"": 64, ""n_iter"": 20}",1.0956955000001471,0.9544521953221173,0.9544765563983505,0.9544521953221173,0.9544564947698978,0.9655172413793104,0.9660294521174426,0.9655172413793104,0.9654849305779353,0.95079950799508,0.9512761181251659,0.95079950799508,0.950754571267038
mushroom,Bernoulli RBM + Regressão Logística,18,18,"{""learning_rate"": 0.01, ""n_components"": 128, ""n_iter"": 20}",1.7263607999993837,0.9532211735740664,0.9532654375411556,0.9532211735740664,0.9532272446095471,0.9667487684729064,0.9671900709362969,0.9667487684729064,0.9667204983895998,0.955719557195572,0.9560715616880248,0.955719557195572,0.9556865124899807
mushroom,Bernoulli RBM + Regressão Logística,18,18,"{""learning_rate"": 0.05, ""n_components"": 64, ""n_iter"": 20}",1.0219185000023572,0.9942552318424293,0.9942752260098002,0.9942552318424293,0.9942544955751391,0.9913793103448276,0.9915203029326459,0.9913793103448276,0.9913759169657163,0.990159901599016,0.9903433999374958,0.990159901599016,0.9901554857877263
mushroom,Bernoulli RBM + Regressão Logística,19,19,"{""learning_rate"": 0.01, ""n_components"": 32, ""n_iter"": 10}",0.4020300000011048,0.8965941731637259,0.9066502924623101,0.8965941731637259,0.8956151952015634,0.8903940886699507,0.9043866942779748,0.8903940886699507,0.8890002777847792,0.8991389913899139,0.9088276655962435,0.8991389913899139,0.89821869962629
mushroom,Bernoulli RBM + Regressão Logística,19,19,"{""learning_rate"": 0.01, ""n_components"": 64, ""n_iter"": 10}",0.5800049999998009,0.9179318834632745,0.9240591362218742,0.9179318834632745,0.9174359424924986,0.9051724137931034,0.9160730237492062,0.9051724137931034,0.9042241889971491,0.9163591635916359,0.9229676077385075,0.9163591635916359,0.915820821757563
mushroom,Bernoulli RBM + Regressão Logística,19,19,"{""learning_rate"": 0.01, ""n_components"": 64, ""n_iter"": 20}",1.0709323000010045,0.9565038982355355,0.9565635049930533,0.9565038982355355,0.9565104959469757,0.9642857142857143,0.9647215517031186,0.9642857142857143,0.9642553501221628,0.9520295202952029,0.952438981000099,0.9520295202952029,0.9519897877659914
mushroom,Bernoulli RBM + Regressão Logística,19,19,"{""learning_rate"": 0.01, ""n_components"": 128, ""n_iter"": 20}",1.7187063999990642,0.9560935576528519,0.9561820187016232,0.9560935576528519,0.9561015490036903,0.9716748768472906,0.9718841899691645,0.9716748768472906,0.971659763179592,0.959409594095941,0.9596033832097384,0.959409594095941,0.9593885457371688
mushroom,Bernoulli RBM + Regressão Logística,19,19,"{""learning_rate"": 0.05, ""n_components"": 64, ""n_iter"": 20}",1.047873300001811,0.9971276159212146,0.9971280354108778,0.9971276159212146,0.9971276575670024,0.9926108374384236,0.9926241498703413,0.9926108374384236,0.9926114657685734,0.993849938499385,0.9938784781221928,0.993849938499385,0.9938506650023119
mushroom,Bernoulli RBM + Regressão Logística,20,20,"{""learning_rate"": 0.01, ""n_components"": 32, ""n_iter"": 10}",0.4132943000004161,0.8916700861715223,0.9001198383192192,0.8916700861715223,0.8907660516900616,0.8854679802955665,0.898479725312634,0.8854679802955665,0.8840767829757712,0.8966789667896679,0.9050585661531289,0.8966789667896679,0.8958341065078154
mushroom,Bernoulli RBM + Regressão Logística,20,20,"{""learning_rate"": 0.01, ""n_components"": 64, ""n_iter"": 10}",0.5999281000003975,0.9039803036520312,0.9112251303379827,0.9039803036520312,0.9032938929858783,0.895320197044335,0.9072696706415957,0.895320197044335,0.8941638126005451,0.897908979089791,0.9060282376472414,0.897908979089791,0.8970975334461523
mushroom,Bernoulli RBM + Regressão Logística,20,20,"{""learning_rate"": 0.01, ""n_components"": 64, ""n_iter"": 20}",1.0881847999989986,0.9528108329913828,0.9528161080363584,0.9528108329913828,0.9528055969415521,0.9642857142857143,0.9648739229246256,0.9642857142857143,0.9642490393335872,0.9544895448954489,0.9549043523094545,0.9544895448954489,0.9544518499318381
mushroom,Bernoulli RBM + Regressão Logística,20,20,"{""learning_rate"": 0.01, ""n_components"": 128, ""n_iter"": 20}",1.715690299999551,0.9552728764874846,0.9552871086324061,0.9552728764874846,0.9552759677489951,0.9667487684729064,0.9671900709362969,0.9667487684729064,0.9667204983895998,0.9544895448954489,0.9549043523094545,0.9544895448954489,0.9544518499318381
mushroom,Bernoulli RBM + Regressão Logística,20,20,"{""learning_rate"": 0.05, ""n_components"": 64, ""n_iter"": 20}",1.010577099998045,0.9917931883463275,0.9917949962554368,0.9917931883463275,0.9917934235483155,0.9889162561576355,0.9889202355819176,0.9889162561576355,0.9889167442777677,0.984009840098401,0.9840404358255926,0.984009840098401,0.9840117290060107
mushroom,Bernoulli RBM + Regressão Logística,21,21,"{""learning_rate"": 0.01, ""n_components"": 32, ""n_iter"": 10}",0.4036993000008806,0.8949528108329914,0.9043147142133144,0.8949528108329914,0.8940097185055093,0.8891625615763546,0.9027133793455863,0.8891625615763546,0.8877848492136916,0.9015990159901599,0.910116334337203,0.9015990159901599,0.9007943871503002
mushroom,Bernoulli RBM + Regressão Logística,21,21,"{""learning_rate"": 0.01, ""n_components"": 64, ""n_iter"": 10}",0.6016105999988213,0.9097250718096019,0.9165569455585856,0.9097250718096019,0.9091181154570437,0.8990147783251231,0.9114740264282126,0.8990147783251231,0.8978719369715615,0.9077490774907749,0.9149796515669568,0.9077490774907749,0.9070973099590197
mushroom,Bernoulli RBM + Regressão Logística,21,21,"{""learning_rate"": 0.01, ""n_components"": 64, ""n_iter"": 20}",1.093513299998449,0.9597866228970046,0.9599933244027585,0.9597866228970046,0.95979686765289,0.9716748768472906,0.9717974061200375,0.9716748768472906,0.9716637271730681,0.956949569495695,0.957243777927718,0.956949569495695,0.9569208417432196
mushroom,Bernoulli RBM + Regressão Logística,21,21,"{""learning_rate"": 0.01, ""n_components"": 128, ""n_iter"": 20}",1.7172879999998258,0.9560935576528519,0.9562042553781674,0.9560935576528519,0.9561023625161578,0.9716748768472906,0.9718841899691645,0.9716748768472906,0.971659763179592,0.958179581795818,0.9584210390032133,0.958179581795818,0.9581548490449421
mushroom,Bernoulli RBM + Regressão Logística,21,21,"{""learning_rate"": 0.05, ""n_components"": 64, ""n_iter"": 20}",1.0196533000016643,0.9963069347558473,0.9963096225146182,0.9963069347558473,0.9963067666308026,0.9950738916256158,0.9950850283361925,0.9950738916256158,0.9950734127233555,0.996309963099631,0.9963126467303024,0.996309963099631,0.9963097953882145
